data_1,data_2,data_3,data_4,data_5,data_6,data_7,data_8,data_9,data_10
-1.2398248,-0.8835367,1.2471236,1.0130283,0.90601516,-0.81760985,-0.83023936,1.0616715,1.3448737,-0.91960514
