data_1,data_2,data_3,data_4,data_5,data_6,data_7,data_8,data_9,data_10,data_11,data_12,data_13,data_14,data_15,data_16,data_17,data_18,data_19,data_20,data_21,data_22,data_23,data_24,data_25,data_26,data_27,data_28,data_29,data_30,data_31,data_32,data_33,data_34,data_35,data_36,data_37,data_38,data_39,data_40,data_41,data_42,data_43,data_44,data_45,data_46,data_47,data_48,data_49,data_50,data_51,data_52,data_53,data_54,data_55,data_56,data_57,data_58,data_59,data_60,data_61,data_62,data_63,data_64,data_65,data_66,data_67,data_68,data_69,data_70,data_71,data_72,data_73,data_74,data_75,data_76,data_77,data_78,data_79,data_80,data_81,data_82,data_83,data_84,data_85,data_86,data_87,data_88,data_89,data_90,data_91,data_92,data_93,data_94,data_95,data_96,data_97,data_98,data_99,data_100
-0.5825405,-0.6422969,0.48411113,-0.7330161,0.48868018,-0.53179216,0.48390692,0.5494539,-0.68283266,-0.71181893,0.59647804,0.4934212,0.5263938,-0.59530056,-0.5202312,-0.86698955,-0.51040846,-0.9880142,1.1287702,0.5648412,-0.7387936,0.53018826,-0.6677597,-0.63510406,-0.7489224,-0.53230083,-0.6407676,0.5112848,0.5945217,-0.50666094,-1.0226506,0.51850367,0.5023954,0.58796257,-0.55204594,-0.5741324,-0.55511206,-0.571049,-0.890481,-0.8334959,-0.7741788,0.47492227,0.48518866,-0.597207,0.8443407,-0.7293255,-0.6937074,0.7074014,0.56470674,0.88912326,-0.57679695,-0.59090453,-0.5744928,-0.5774589,-0.52889466,0.80079454,0.57067037,-0.5426696,-0.65572673,-0.5862787,0.5584457,0.7307026,-0.53112656,-0.6956938,-0.5699613,-0.5306695,0.71944344,-0.5291304,-0.58701783,0.7607613,0.494361,0.4981355,0.63129735,-0.59730536,1.027198,0.6640852,-0.87322414,0.53022134,-0.51903874,-0.56379944,0.4884124,-0.53956115,-0.6513184,-0.5099503,-0.7575554,-0.583568,-0.63481736,0.7605374,-0.70028,-0.5934105,-0.5877591,-0.7198635,0.5138195,-0.6575007,-0.70791596,0.57310635,0.5636499,-1.0652574,-1.0710019,0.572331
