data_1,data_2
-2.940192,-8.682056
