parameter_1,parameter_2
-2.8899693,-8.7594595
