data_1,data_2,data_3,data_4,data_5,data_6,data_7,data_8,data_9,data_10,data_11,data_12,data_13,data_14,data_15,data_16,data_17,data_18,data_19,data_20,data_21,data_22,data_23,data_24,data_25,data_26,data_27,data_28,data_29,data_30,data_31,data_32,data_33,data_34,data_35,data_36,data_37,data_38,data_39,data_40,data_41,data_42,data_43,data_44,data_45,data_46,data_47,data_48,data_49,data_50,data_51,data_52,data_53,data_54,data_55,data_56,data_57,data_58,data_59,data_60,data_61,data_62,data_63,data_64,data_65,data_66,data_67,data_68,data_69,data_70,data_71,data_72,data_73,data_74,data_75,data_76,data_77,data_78,data_79,data_80,data_81,data_82,data_83,data_84,data_85,data_86,data_87,data_88,data_89,data_90,data_91,data_92,data_93,data_94,data_95,data_96,data_97,data_98,data_99,data_100
1.6529562,-1.625295,-1.7357142,-1.6263733,1.6896609,-1.6502901,-1.7411441,1.6626881,-1.6226046,-1.7197539,-1.6379942,-1.6380612,-1.6596557,-1.6499124,1.6340693,-1.6451367,1.6314434,1.6778892,-1.7444735,-1.6635742,1.6894674,-1.6385778,-1.6661068,1.6355183,-1.7286452,1.6289489,-1.6437783,1.6643704,-1.6237395,-1.7034866,-1.6347592,-1.6840758,1.6936891,-1.6370287,-1.932043,-1.6645082,-1.6573211,-1.6499449,1.6403083,-1.6212683,1.6650673,1.6409146,1.6365725,-1.630343,-1.6449395,-1.6858666,-1.6352047,-1.7362916,-1.6298379,-1.6437095,1.6219587,-1.6640787,1.6232628,-1.633799,-1.6408421,-1.6203963,-1.6683106,1.83525,-1.6240243,-1.6292124,1.6851002,1.6537716,1.7168545,1.6169995,-1.651697,1.6734389,1.7510754,1.7629347,1.6747144,1.735985,-1.6298752,-1.6391445,1.6416681,1.7261839,1.6195633,1.6686819,-1.6380539,-1.6378125,2.0107248,-1.6146067,-1.6281288,-1.6429489,-1.6364404,1.7165285,1.6242796,1.661692,1.659875,1.727565,-1.7015916,-1.6713898,1.6471992,1.8668449,1.633184,1.6936884,-1.6357298,1.6859435,1.6792276,1.626782,-1.6168948,1.6446317
