data_1,data_2,data_3,data_4,data_5,data_6,data_7,data_8,data_9,data_10,data_11,data_12,data_13,data_14,data_15,data_16,data_17,data_18,data_19,data_20,data_21,data_22,data_23,data_24,data_25,data_26,data_27,data_28,data_29,data_30,data_31,data_32,data_33,data_34,data_35,data_36,data_37,data_38,data_39,data_40,data_41,data_42,data_43,data_44,data_45,data_46,data_47,data_48,data_49,data_50,data_51,data_52,data_53,data_54,data_55,data_56,data_57,data_58,data_59,data_60,data_61,data_62,data_63,data_64,data_65,data_66,data_67,data_68,data_69,data_70,data_71,data_72,data_73,data_74,data_75,data_76,data_77,data_78,data_79,data_80,data_81,data_82,data_83,data_84,data_85,data_86,data_87,data_88,data_89,data_90,data_91,data_92,data_93,data_94,data_95,data_96,data_97,data_98,data_99,data_100
-0.7517734,-0.66069114,-0.69112414,0.67121047,-0.82631636,-0.8113393,-0.757974,-0.8370024,-0.73027027,0.5634216,-1.0485088,-0.71428573,-0.5793037,0.49765128,-0.6510505,-0.63932973,-1.0171301,0.5249503,-1.0773273,0.5101699,-0.9399176,0.7023182,-0.8458051,-0.59063023,0.5583492,-0.68088055,0.4999903,0.75411975,-0.9208287,-0.8503101,0.9849512,0.52449465,-0.6555848,0.590682,-0.5441547,-0.69220734,1.012179,-0.61882395,0.8337702,-0.79408646,-0.7979164,-0.61014605,0.52191967,-0.9964669,-0.6301097,0.5667282,2.238802,0.91191846,0.7100819,-1.1141657,-0.6577616,-0.8022159,-0.7762708,-0.8376795,-0.7811796,-1.1301247,0.5139305,-0.58219755,-1.2094233,-0.94367754,-0.8024236,-0.7456885,0.60925215,0.61418444,-1.5840225,-0.8875266,-0.61602837,0.73755914,0.5185066,-0.7744381,0.5628389,-0.58534306,-0.7042323,0.5154196,0.5222595,0.5313839,-0.7468041,-1.1878613,-0.63356537,-1.3307794,-0.73404574,-1.4458096,0.5273229,-0.69422686,-0.66228724,-0.7063334,-0.6343162,0.7738925,0.6526602,-0.82884467,-0.73262125,-0.7460416,0.5175944,-0.62898004,-0.6312138,-0.78499186,-1.3214532,-0.7445797,-0.7537361,-0.86026895
