data_1,data_2,data_3,data_4,data_5,data_6,data_7,data_8,data_9,data_10,data_11,data_12,data_13,data_14,data_15,data_16,data_17,data_18,data_19,data_20,data_21,data_22,data_23,data_24,data_25,data_26,data_27,data_28,data_29,data_30,data_31,data_32,data_33,data_34,data_35,data_36,data_37,data_38,data_39,data_40,data_41,data_42,data_43,data_44,data_45,data_46,data_47,data_48,data_49,data_50,data_51,data_52,data_53,data_54,data_55,data_56,data_57,data_58,data_59,data_60,data_61,data_62,data_63,data_64,data_65,data_66,data_67,data_68,data_69,data_70,data_71,data_72,data_73,data_74,data_75,data_76,data_77,data_78,data_79,data_80,data_81,data_82,data_83,data_84,data_85,data_86,data_87,data_88,data_89,data_90,data_91,data_92,data_93,data_94,data_95,data_96,data_97,data_98,data_99,data_100
-0.5238464,-0.3641558,-0.29538703,-0.33177763,-0.31018823,-0.29212236,0.31574684,0.30913776,0.45469365,-0.45066202,-0.4308731,-0.33967903,-0.31669977,-0.58827114,0.29927447,0.4152424,0.37443036,0.42313567,-0.3105894,0.5025361,-0.49697602,0.33720198,-0.46413502,-0.33509877,0.36727828,-0.3164434,0.28413257,-0.42609072,0.34480956,-0.32667553,0.27821895,0.32470587,-0.29350317,-0.34035724,-0.28363842,-0.28174898,-0.3968673,0.35056263,-0.36203519,0.34343737,-0.28617778,0.29816276,0.33956656,-0.35223004,-0.32303312,0.4055662,0.2909697,-0.2879727,-0.30453983,0.43988755,0.42977053,-0.28457713,-0.29261515,0.31702995,0.30642053,0.3372358,0.32133526,-0.43892816,-0.29280365,0.33701524,-0.2776685,-0.47411814,0.27753827,-0.33331951,-0.35596287,-0.32913214,0.29344445,0.36759388,-0.4513982,0.28634447,0.27819195,0.31176963,0.384074,-0.28287467,0.28945965,-0.29331237,0.31375307,-0.29604915,-0.3078447,-0.47886986,0.37514952,0.6062702,0.3027307,-0.32776436,-0.2959337,0.29765752,-0.45508868,0.32100135,0.29053542,0.29798645,-0.2901611,-0.31811294,0.42973015,-0.2731938,0.31562465,-0.38059875,0.30308494,0.36928034,-0.42240685,0.40629217
