data_1,data_2,data_3,data_4,data_5,data_6,data_7,data_8,data_9,data_10
42.0,-0.46231687,8.767514,8.460767,10.771585,-2.1992536,1.6123013,-3.5180228,-11.153177,-11.799405
