parameter_1,parameter_2,parameter_3,parameter_4,parameter_5,parameter_6,parameter_7,parameter_8,parameter_9,parameter_10
-0.6168436,0.14430377,1.47654,1.6412041,1.489188,0.6416125,0.24960287,0.26246744,-0.6066329,-0.7555572
