data_1,data_2,data_3,data_4,data_5,data_6,data_7,data_8,data_9,data_10,data_11,data_12,data_13,data_14,data_15,data_16,data_17,data_18,data_19,data_20,data_21,data_22,data_23,data_24,data_25,data_26,data_27,data_28,data_29,data_30,data_31,data_32,data_33,data_34,data_35,data_36,data_37,data_38,data_39,data_40,data_41,data_42,data_43,data_44,data_45,data_46,data_47,data_48,data_49,data_50,data_51,data_52,data_53,data_54,data_55,data_56,data_57,data_58,data_59,data_60,data_61,data_62,data_63,data_64,data_65,data_66,data_67,data_68,data_69,data_70,data_71,data_72,data_73,data_74,data_75,data_76,data_77,data_78,data_79,data_80,data_81,data_82,data_83,data_84,data_85,data_86,data_87,data_88,data_89,data_90,data_91,data_92,data_93,data_94,data_95,data_96,data_97,data_98,data_99,data_100
-1.055527,-1.113426,-1.1935861,-1.0472664,-1.1419902,-1.2161906,-1.2950372,-1.0764251,1.4686903,-1.4552065,1.2939808,-1.1122682,-1.1296632,1.242041,-1.187506,-1.1630007,-1.1120565,-1.2522446,-1.0688565,1.5924833,-1.424023,-1.5786086,-1.4296656,-1.2035733,-1.2952346,-1.1978016,-1.4195454,-1.1723478,1.139408,-1.3639578,-1.2058973,-1.2196308,1.4848964,1.1530664,1.1683117,1.1810421,-1.1643533,-1.0951353,-1.1260651,-1.7444327,-1.3568255,1.5470566,1.5019162,-1.2449077,-1.067187,-1.1661402,1.508067,-1.3340929,-1.2778683,-1.0704141,1.3885758,-1.3839376,-1.0858545,-1.3719033,-1.1084392,-1.0985085,-1.1080486,-1.1804281,-1.065882,-1.1797655,1.2607746,1.5852453,1.2875195,-1.1556125,1.213934,1.3709834,-1.1547172,-1.4161723,-1.590665,-1.1335632,-1.3991649,-1.4260967,-1.0818418,-1.1994156,-1.2506415,1.5203744,-1.2242,-1.368736,-1.0906883,-1.1022855,-1.8687614,-1.1050143,-1.4389762,-1.8075498,-1.1037403,-1.1848919,-1.3082824,-1.3396124,2.2220793,-1.1516483,-1.0969079,-1.0960863,-1.1658633,-1.1366918,1.1337965,-1.4051545,-1.311493,-1.4586692,-1.2097825,1.1510869
