data_1,data_2,data_3,data_4,data_5,data_6,data_7,data_8,data_9,data_10
1.4464449,1.8390905,1.4868184,1.4609164,1.6211028,1.9195508,-1.5177845,1.5563009,1.4551548,1.4728844
