data_1,data_2,data_3,data_4,data_5,data_6,data_7,data_8,data_9,data_10
0.452791,0.5891162,-0.638168,0.5627942,0.436204,0.6964053,0.919846,-0.71661377,0.88590354,0.5531718
