data_1,data_2,data_3,data_4,data_5,data_6,data_7,data_8,data_9,data_10,data_11,data_12,data_13,data_14,data_15,data_16,data_17,data_18,data_19,data_20,data_21,data_22,data_23,data_24,data_25,data_26,data_27,data_28,data_29,data_30,data_31,data_32,data_33,data_34,data_35,data_36,data_37,data_38,data_39,data_40,data_41,data_42,data_43,data_44,data_45,data_46,data_47,data_48,data_49,data_50,data_51,data_52,data_53,data_54,data_55,data_56,data_57,data_58,data_59,data_60,data_61,data_62,data_63,data_64,data_65,data_66,data_67,data_68,data_69,data_70,data_71,data_72,data_73,data_74,data_75,data_76,data_77,data_78,data_79,data_80,data_81,data_82,data_83,data_84,data_85,data_86,data_87,data_88,data_89,data_90,data_91,data_92,data_93,data_94,data_95,data_96,data_97,data_98,data_99,data_100
-1.2742074,-1.1356664,-1.3179768,-1.1362773,-1.2765353,-1.0806696,1.2808473,1.2579699,1.1190835,1.2626064,1.6279618,-1.6899204,1.1495255,1.3179402,-1.4652563,-1.0684114,1.4492459,1.186654,-1.1404351,1.3931001,-1.1835214,1.1950258,1.4675797,-1.0825673,1.392068,-1.1002793,1.8637834,-1.4401253,1.2946237,-1.4601482,1.2676537,1.3412957,-1.2898464,-1.0903966,-1.0997884,-1.1223383,1.3300335,-1.2321609,-1.2086741,1.1723189,-1.1034738,1.3801625,-1.0997009,1.3542547,-1.1223129,1.3904455,1.6133734,-1.2100542,1.3099403,1.2976755,1.1574513,-1.1029855,-1.3800035,1.8830057,1.1310738,1.6163018,1.3164144,1.1525648,1.2323552,-1.1985852,1.1440598,1.2548406,-1.3712912,1.200202,1.3733647,-1.1813921,1.1417606,1.2532992,-1.0783077,1.1398937,1.1655298,1.3006647,1.3914192,1.238255,-1.2370594,1.1312811,1.3039709,2.5695827,1.2779641,-1.204736,1.5197245,1.3047166,-1.0714327,-1.1684653,1.2615575,1.9203529,1.1324648,-1.5012004,1.1458473,1.2881254,-1.1905674,-1.326774,1.355305,-1.0975759,-1.7162552,-1.3799415,-1.1499019,-1.1945838,1.255691,1.2464778
