data_1,data_2,data_3,data_4,data_5,data_6,data_7,data_8,data_9,data_10,data_11,data_12,data_13,data_14,data_15,data_16,data_17,data_18,data_19,data_20,data_21,data_22,data_23,data_24,data_25,data_26,data_27,data_28,data_29,data_30,data_31,data_32,data_33,data_34,data_35,data_36,data_37,data_38,data_39,data_40,data_41,data_42,data_43,data_44,data_45,data_46,data_47,data_48,data_49,data_50,data_51,data_52,data_53,data_54,data_55,data_56,data_57,data_58,data_59,data_60,data_61,data_62,data_63,data_64,data_65,data_66,data_67,data_68,data_69,data_70,data_71,data_72,data_73,data_74,data_75,data_76,data_77,data_78,data_79,data_80,data_81,data_82,data_83,data_84,data_85,data_86,data_87,data_88,data_89,data_90,data_91,data_92,data_93,data_94,data_95,data_96,data_97,data_98,data_99,data_100
-1.731721,-1.7057816,-1.864126,-1.9359083,-1.815926,-1.7487401,-1.7623732,-1.8509582,-1.7472825,-1.7634538,-1.9847565,-1.7675096,-2.1111183,-1.7146266,1.833016,1.8718967,-1.7532108,-1.8317143,-1.9737989,-1.7210816,-1.8778877,-2.0359893,-1.7898104,-1.7945569,-1.8356402,-1.7426913,-1.9373834,-1.7704645,-1.7333225,-1.9204606,-1.7687927,-1.7199109,-1.7342308,-1.7873662,-1.711623,-1.8661753,-1.8112515,-1.8071779,-1.7138877,-1.9200484,-2.3260524,-1.8744799,-1.9583277,-1.7303301,-1.779251,-1.9217768,-1.7778984,-1.9173529,-1.7163441,-1.9029979,-1.7654485,-1.7130382,-1.7365619,-1.7488776,-1.8887441,-1.7297918,-1.8400377,-1.7239864,-1.7916876,-1.8096236,-1.8787879,-1.739409,-1.710523,-2.0119135,-1.7323836,-1.7719563,-1.7976624,-1.7077545,-1.8068227,1.7484995,-1.7279419,-1.7258066,1.9231997,-1.850341,-1.9426515,-1.7477738,-2.104451,-1.7487645,-1.8147433,-1.7329266,-1.7780509,1.8423672,-1.7959043,-1.9455123,-1.7162175,-1.7375295,-1.8466424,-1.7244171,-1.7254682,-1.802586,-1.8142569,-1.7155087,1.7587156,1.9036425,-1.7295548,-1.7341374,-1.7349867,1.8637236,-1.7351285,-1.9359994
