data_1,data_2,data_3,data_4,data_5,data_6,data_7,data_8,data_9,data_10,data_11,data_12,data_13,data_14,data_15,data_16,data_17,data_18,data_19,data_20,data_21,data_22,data_23,data_24,data_25,data_26,data_27,data_28,data_29,data_30,data_31,data_32,data_33,data_34,data_35,data_36,data_37,data_38,data_39,data_40,data_41,data_42,data_43,data_44,data_45,data_46,data_47,data_48,data_49,data_50,data_51,data_52,data_53,data_54,data_55,data_56,data_57,data_58,data_59,data_60,data_61,data_62,data_63,data_64,data_65,data_66,data_67,data_68,data_69,data_70,data_71,data_72,data_73,data_74,data_75,data_76,data_77,data_78,data_79,data_80,data_81,data_82,data_83,data_84,data_85,data_86,data_87,data_88,data_89,data_90,data_91,data_92,data_93,data_94,data_95,data_96,data_97,data_98,data_99,data_100
-1.1389225,-0.89592445,-0.89292556,0.888906,-0.9088649,0.9234622,1.1070986,1.132466,-1.0389671,-0.76474917,-1.1367779,-1.0972134,1.06515,-1.5894467,1.0222136,-0.91082454,-0.92127734,1.023866,2.526396,-1.3582089,0.87922937,-1.2649363,-1.0379196,0.927363,1.1660254,1.0900784,1.1036706,1.3825008,-0.8657004,1.3045368,-0.82998276,-0.83799946,-1.3117614,0.85835373,1.8905716,-0.8364514,-1.1963866,1.7682183,-0.81414515,-0.8732666,1.069605,1.1499554,1.0469456,-1.0788735,1.4890642,-1.3777878,1.3263745,1.2777773,1.0041286,1.2695411,-0.8738974,-1.0422938,-0.86837596,0.9063612,-1.0152295,0.90968055,1.83665,1.0203085,1.0799422,-1.3977716,-0.9293459,1.025607,-1.0376585,0.90868753,1.2044715,2.2187936,-0.8651565,-0.9120584,1.2931664,1.0549105,1.5170634,1.753947,1.0504375,0.98431623,0.98734146,-0.7748705,-1.4976534,0.9701111,-1.1876814,0.98175395,0.95771384,-1.150177,-0.7821953,-1.2715045,-0.8710114,-1.8705367,-0.9087753,-0.97852385,0.9534934,0.96984035,0.9773093,0.9061064,-0.78515345,-0.7876055,-1.5855565,1.2463008,1.4749533,1.052435,1.6280779,1.1984288
