data_1,data_2,data_3,data_4,data_5,data_6,data_7,data_8,data_9,data_10
-0.6825026,-0.6673254,-0.65750134,0.5642361,-0.5542777,-0.67789763,-0.57653487,-0.646369,-0.69808835,0.5511804
