data_1,data_2,data_3,data_4,data_5,data_6,data_7,data_8,data_9,data_10,data_11,data_12,data_13,data_14,data_15,data_16,data_17,data_18,data_19,data_20,data_21,data_22,data_23,data_24,data_25,data_26,data_27,data_28,data_29,data_30,data_31,data_32,data_33,data_34,data_35,data_36,data_37,data_38,data_39,data_40,data_41,data_42,data_43,data_44,data_45,data_46,data_47,data_48,data_49,data_50,data_51,data_52,data_53,data_54,data_55,data_56,data_57,data_58,data_59,data_60,data_61,data_62,data_63,data_64,data_65,data_66,data_67,data_68,data_69,data_70,data_71,data_72,data_73,data_74,data_75,data_76,data_77,data_78,data_79,data_80,data_81,data_82,data_83,data_84,data_85,data_86,data_87,data_88,data_89,data_90,data_91,data_92,data_93,data_94,data_95,data_96,data_97,data_98,data_99,data_100
-2.4259582,-1.698657,-1.9122851,-1.8131747,1.9095222,-1.8330415,-1.9332314,-1.9988474,-2.129797,-2.1679144,-1.9715601,1.764277,-1.7381756,-1.9951453,-1.7391396,-1.8063233,-1.8492576,-1.8168223,-2.1159635,-1.7209072,-1.776771,-1.8005884,-1.9385498,-1.7201884,2.063852,-2.3058352,-2.4471197,-2.1760998,1.7751522,-1.7427301,-1.9888066,-1.778308,2.2579682,-1.7240957,1.8558997,-1.8177338,2.0125287,1.8723828,1.7359014,-1.8626741,-1.8753235,-2.054032,-1.8998077,-2.1952755,-2.3834832,-1.7463496,-1.7858608,-1.781165,-1.9014173,-1.9065241,-1.7970929,-1.7498375,-1.8263994,-2.067084,-1.7637188,-2.132371,-1.8380792,-1.9532276,2.0818796,-1.7583764,-1.7753862,-1.7609568,-2.0278134,-1.9298723,1.9737843,-1.9620327,-1.8294455,-1.7243618,1.849198,1.7463598,-1.9070362,-1.7961203,-2.483847,-1.7898628,-1.7849714,-2.0707285,-2.0132508,2.005887,-2.0848129,1.7627455,-1.9975812,-2.8176877,-2.2123733,2.079735,-1.87118,-1.7399611,-1.8197687,-2.1218042,-1.9603832,1.9345244,-1.7493528,-1.9371562,-2.130375,-2.040683,-1.8269982,-2.1013415,-1.8437303,-1.7857982,2.167686,-2.024627
