data_1,data_2,data_3,data_4,data_5,data_6,data_7,data_8,data_9,data_10,data_11,data_12,data_13,data_14,data_15,data_16,data_17,data_18,data_19,data_20,data_21,data_22,data_23,data_24,data_25,data_26,data_27,data_28,data_29,data_30,data_31,data_32,data_33,data_34,data_35,data_36,data_37,data_38,data_39,data_40,data_41,data_42,data_43,data_44,data_45,data_46,data_47,data_48,data_49,data_50,data_51,data_52,data_53,data_54,data_55,data_56,data_57,data_58,data_59,data_60,data_61,data_62,data_63,data_64,data_65,data_66,data_67,data_68,data_69,data_70,data_71,data_72,data_73,data_74,data_75,data_76,data_77,data_78,data_79,data_80,data_81,data_82,data_83,data_84,data_85,data_86,data_87,data_88,data_89,data_90,data_91,data_92,data_93,data_94,data_95,data_96,data_97,data_98,data_99,data_100
-1.4221425,1.2825698,1.5652325,1.3412828,1.3937689,1.2802714,1.2785147,1.3143531,1.2984756,1.3976493,1.518659,1.2790481,-1.4055269,1.2745535,-1.33855,1.313232,-1.4186493,1.3741083,1.3347067,1.2751118,1.3168105,1.2768509,1.3380615,1.3901206,1.2919931,1.3767173,1.2798929,1.2879586,1.3734418,1.3001431,1.2839376,1.2930204,1.2959769,1.5156153,1.5173092,1.3185676,1.2815549,1.2973397,1.2742842,1.2945801,1.373786,1.2895255,1.2996626,1.2798132,1.2957704,1.2992504,1.3055303,1.3173394,1.28566,1.2939677,1.3064597,1.2859031,1.4173187,-1.5059074,1.2813417,1.2747387,1.3517348,1.2936395,1.3162677,1.4218159,1.381787,1.2961414,1.4617333,1.2750561,1.3012934,1.5142533,1.319725,1.3080076,1.3314654,1.3856941,1.4261042,1.2697688,1.4318897,1.291692,1.3383837,1.2804121,-1.2968764,1.3641087,1.3057662,1.2692657,1.2857101,2.2989194,1.4783716,1.2918417,1.4179182,1.3001459,1.2783517,1.2913239,1.2713407,1.273707,1.325081,1.277306,1.4207935,1.579032,1.2876792,1.4109248,1.3010552,1.2734098,1.3154261,1.3030971
