data_1,data_2,data_3,data_4,data_5,data_6,data_7,data_8,data_9,data_10,data_11,data_12,data_13,data_14,data_15,data_16,data_17,data_18,data_19,data_20,data_21,data_22,data_23,data_24,data_25,data_26,data_27,data_28,data_29,data_30,data_31,data_32,data_33,data_34,data_35,data_36,data_37,data_38,data_39,data_40,data_41,data_42,data_43,data_44,data_45,data_46,data_47,data_48,data_49,data_50,data_51,data_52,data_53,data_54,data_55,data_56,data_57,data_58,data_59,data_60,data_61,data_62,data_63,data_64,data_65,data_66,data_67,data_68,data_69,data_70,data_71,data_72,data_73,data_74,data_75,data_76,data_77,data_78,data_79,data_80,data_81,data_82,data_83,data_84,data_85,data_86,data_87,data_88,data_89,data_90,data_91,data_92,data_93,data_94,data_95,data_96,data_97,data_98,data_99,data_100
-20.417377,-17.553616,29.9688,-1.381683,2.751105,23.71402,40.360126,-30.89205,9.688643,-34.40349,-1.1022401,-31.268555,-10.267926,20.280762,-58.84052,-32.155598,-4.9924355,-8.6144495,-8.290242,3.8840086,-3.576702,-4.652277,-0.66452104,-16.49147,10.643469,26.342144,8.837234,29.090782,-12.92148,-32.122547,-54.082188,10.822093,53.788525,-2.9279308,11.364062,-13.347011,-14.37129,-9.389283,-46.663193,10.788096,-40.073734,-22.056887,4.232153,29.281822,26.213985,-21.504587,-24.870327,15.137889,1.750529,-28.492352,-37.996986,-3.9679153,2.056752,16.070908,19.609035,-17.34413,31.196709,15.561905,0.8880922,-12.474278,25.17439,13.78051,13.106661,26.158108,47.41553,-5.172467,-1.1168771,4.06107,0.06875479,20.813038,-0.93152523,-24.335539,-8.473107,-88.41435,-2.5396662,26.947376,-14.766228,25.63044,-12.569573,-18.793262,-10.092969,-1.6818079,3.106191,-27.257929,-20.127733,-18.551292,26.412218,58.384644,-18.646898,0.60246074,-1.5655216,4.5973725,45.72654,-10.809018,-40.646404,18.50072,15.430292,-1.351792,-8.650608,-10.797357
