data_1,data_2,data_3,data_4,data_5,data_6,data_7,data_8
-0.66452104,-2.9279308,-16.49147,4.06107,4.232153,-4.652277,-4.9924355,-1.5655216
