parameter_1,parameter_2,parameter_3,parameter_4,parameter_5
-0.8669908,-2.6278377,2.8607178,-1.8587376,-2.7437975
