data_1,data_2,data_3,data_4,data_5,data_6,data_7,data_8,data_9,data_10
1.5775591,1.6097566,1.573116,1.5882881,-1.7299159,1.4067601,1.2008425,1.652052,1.3337681,2.3614964
