data_1,data_2,data_3,data_4,data_5,data_6,data_7,data_8,data_9,data_10
2.5860999,1.1140112,1.2111654,1.4658192,1.0732683,-1.5727763,1.223182,0.9343496,1.289504,1.1529434
