data_1,data_2,data_3,data_4,data_5,data_6,data_7,data_8,data_9,data_10
0.9065722,-1.0393498,1.1121535,2.2457786,1.242631,1.2681031,1.2013092,1.1718156,1.3598063,1.72308
