data_1,data_2,data_3,data_4,data_5,data_6,data_7,data_8,data_9,data_10,data_11,data_12,data_13,data_14,data_15,data_16,data_17,data_18,data_19,data_20,data_21,data_22,data_23,data_24,data_25,data_26,data_27,data_28,data_29,data_30,data_31,data_32,data_33,data_34,data_35,data_36,data_37,data_38,data_39,data_40,data_41,data_42,data_43,data_44,data_45,data_46,data_47,data_48,data_49,data_50,data_51,data_52,data_53,data_54,data_55,data_56,data_57,data_58,data_59,data_60,data_61,data_62,data_63,data_64,data_65,data_66,data_67,data_68,data_69,data_70,data_71,data_72,data_73,data_74,data_75,data_76,data_77,data_78,data_79,data_80,data_81,data_82,data_83,data_84,data_85,data_86,data_87,data_88,data_89,data_90,data_91,data_92,data_93,data_94,data_95,data_96,data_97,data_98,data_99,data_100
-0.94817656,0.585645,0.6039243,-0.5672502,0.6643539,-0.88631016,-0.5974391,-0.6154243,-0.64303803,0.7416542,-0.6187602,-0.5717659,0.94112,-0.62552804,0.73221886,-0.70032346,-0.797386,0.8556311,-0.6060838,0.7102296,0.8180542,-0.67505443,0.66330737,-0.67848873,0.87525237,0.8210559,0.8570955,-0.6703921,-0.71319807,0.78874725,0.62929094,0.60130316,0.6430817,-0.5927199,-0.6004994,-0.62810993,0.59966224,0.7614642,-0.65659386,0.65683967,0.58149046,-0.5923214,0.62422746,0.86020803,-0.5862444,-0.6508173,0.79387695,-0.67856514,-1.0309898,-0.66794014,0.602056,0.59982973,-0.61089426,-0.58698356,0.9903706,-0.57099944,-0.7388425,0.5920606,-0.59561664,-0.6375944,0.6238349,-1.057148,-0.69016975,-0.5808512,-0.58349735,-0.57842815,-0.6272814,0.74640393,-1.0149431,-0.58987445,-0.7630753,0.7112495,-0.72177833,0.5935369,0.6325597,-0.60401815,-0.5823677,0.8894204,0.7849372,0.64592916,-0.62810326,-0.6196267,0.6716579,-0.60066324,-0.85971636,-0.6981148,0.645959,-0.6460545,-0.59380966,-0.84307283,0.7871768,0.7468749,-0.574529,-0.7504823,-0.65779555,-0.9458271,-0.65029365,-0.5683888,-0.6568452,0.58777994
