data_1,data_2,data_3,data_4,data_5,data_6,data_7,data_8,data_9,data_10
-1.7485031,-1.6785694,-1.7122595,-1.7054293,1.7551544,1.8070078,2.080465,1.7398032,-1.7165163,1.8036712
