$\beta$,$\gamma$
0.61479264,0.19172086
