parameter_1,parameter_2,parameter_3,parameter_4
67.59482,25.135803,12.659797,1.821953
