data_1,data_2,data_3,data_4,data_5,data_6,data_7,data_8,data_9,data_10
-1.9944705,1.7235337,1.5850841,-1.6793998,1.626997,1.6243308,-2.1782694,-1.9133703,2.212201,1.5085404
