data_1,data_2,data_3,data_4,data_5,data_6,data_7,data_8,data_9,data_10
0.042298675,0.10024355,0.046135847,0.10178727,0.044054147,0.5118404,0.025103815,0.083839655,0.07411088,0.062717356
