data_1,data_2,data_3,data_4,data_5,data_6,data_7,data_8,data_9,data_10
1.8589149,1.4143975,-1.6805562,1.2960047,1.8806473,1.9704329,1.3757651,1.2707592,1.2968506,1.3475603
