data_1,data_2,data_3,data_4,data_5,data_6,data_7,data_8,data_9,data_10,data_11,data_12,data_13,data_14,data_15,data_16,data_17,data_18,data_19,data_20,data_21,data_22,data_23,data_24,data_25,data_26,data_27,data_28,data_29,data_30,data_31,data_32,data_33,data_34,data_35,data_36,data_37,data_38,data_39,data_40,data_41,data_42,data_43,data_44,data_45,data_46,data_47,data_48,data_49,data_50,data_51,data_52,data_53,data_54,data_55,data_56,data_57,data_58,data_59,data_60,data_61,data_62,data_63,data_64,data_65,data_66,data_67,data_68,data_69,data_70,data_71,data_72,data_73,data_74,data_75,data_76,data_77,data_78,data_79,data_80,data_81,data_82,data_83,data_84,data_85,data_86,data_87,data_88,data_89,data_90,data_91,data_92,data_93,data_94,data_95,data_96,data_97,data_98,data_99,data_100
0.9052958,-0.9785105,-0.9018156,-0.917322,-1.1082493,-0.8370932,-1.1260725,-0.8545545,-0.81580526,-0.8962732,-0.813753,-0.8042186,-1.0009605,-0.8329515,-0.8536659,-0.9098699,-1.0716196,-1.0495675,-1.0248395,-1.0396085,-0.8467356,-0.8759836,-0.83599603,-0.8773842,-1.8156339,-0.79084677,-1.1669741,-1.0160885,-1.1698186,-1.1088414,-1.2277969,1.1255105,1.4590895,-0.909733,-0.7897156,-0.79292923,-0.9310787,-0.9766385,-0.98716587,-0.80850077,-0.9196262,-1.1286483,-0.9307449,-1.1126387,-1.0468514,-0.85957456,-1.3830785,-1.0811296,-0.8331109,-0.89891064,-0.7878621,-0.9732566,-1.2483552,-0.8395362,-0.9906995,-0.86637604,-0.82469404,-0.9599375,-0.81278336,-1.2774516,-0.8170127,-1.1293367,1.2907066,1.0214968,-0.8394333,-0.87540394,-0.89550966,-0.89083093,-1.0434486,-0.8961909,-0.88216996,-0.89986223,-0.9783858,-0.8200304,-1.2393062,-1.0492412,0.8088974,-0.86318064,-1.1250238,-0.88895017,1.1083436,-0.94645876,-1.1424662,-1.0560045,-0.9946633,-0.8641495,-0.8726332,-0.9888067,-0.8304389,-1.2226558,-1.0656545,-0.83810663,-1.6664848,-1.4985085,-1.0973036,-0.86437786,-1.0405734,-0.92710644,-0.9218564,-0.8095329
