data_1,data_2,data_3,data_4,data_5,data_6,data_7,data_8,data_9,data_10,data_11,data_12,data_13,data_14,data_15,data_16,data_17,data_18,data_19,data_20,data_21,data_22,data_23,data_24,data_25,data_26,data_27,data_28,data_29,data_30,data_31,data_32,data_33,data_34,data_35,data_36,data_37,data_38,data_39,data_40,data_41,data_42,data_43,data_44,data_45,data_46,data_47,data_48,data_49,data_50,data_51,data_52,data_53,data_54,data_55,data_56,data_57,data_58,data_59,data_60,data_61,data_62,data_63,data_64,data_65,data_66,data_67,data_68,data_69,data_70,data_71,data_72,data_73,data_74,data_75,data_76,data_77,data_78,data_79,data_80,data_81,data_82,data_83,data_84,data_85,data_86,data_87,data_88,data_89,data_90,data_91,data_92,data_93,data_94,data_95,data_96,data_97,data_98,data_99,data_100
1.5502139,1.6148422,1.7805387,-1.5839288,1.6230288,-1.5596254,1.5736206,-1.5905461,1.5718659,-1.6019568,-1.587048,1.6942997,1.7076899,-1.9039084,-1.6328502,1.7371192,1.6138862,-1.7023909,1.63332,1.583086,1.889348,-1.5875561,-1.7184383,-1.623402,1.5650067,-1.7274415,1.7188122,1.6057717,1.7507639,-1.9038016,-1.5798746,1.5552566,1.959922,1.6810527,1.5677807,1.5528089,1.5695661,-1.7442334,1.5796336,1.5737299,1.5656848,1.6561922,1.7579188,1.5765023,2.1883166,1.5616605,-1.6600139,-1.7146782,1.6461738,1.7160393,-1.5740522,1.5798051,-1.5787069,1.8449079,-1.7577002,1.6618088,1.5811032,1.692293,-1.6597657,1.5950458,1.9066106,1.5928938,1.6959387,1.7079278,-1.7483213,1.6108562,-1.7593316,1.5819027,-1.6812384,-1.6008369,1.6356773,1.6779644,1.6018796,1.709121,1.6005609,1.7310184,2.0393212,1.6525303,1.5828512,1.5831293,-2.0431383,-1.6190344,-2.051314,1.5670787,1.5606341,-1.8316728,-1.6604012,1.5705454,-1.5979686,1.5523633,1.5531534,1.6763511,1.5935357,1.7104303,-1.7062601,1.7316154,-1.6275378,1.5804377,1.6390775,1.5724566
