data_1,data_2,data_3,data_4,data_5,data_6,data_7,data_8,data_9,data_10,data_11,data_12,data_13,data_14,data_15,data_16,data_17,data_18,data_19,data_20,data_21,data_22,data_23,data_24,data_25,data_26,data_27,data_28,data_29,data_30,data_31,data_32,data_33,data_34,data_35,data_36,data_37,data_38,data_39,data_40,data_41,data_42,data_43,data_44,data_45,data_46,data_47,data_48,data_49,data_50,data_51,data_52,data_53,data_54,data_55,data_56,data_57,data_58,data_59,data_60,data_61,data_62,data_63,data_64,data_65,data_66,data_67,data_68,data_69,data_70,data_71,data_72,data_73,data_74,data_75,data_76,data_77,data_78,data_79,data_80,data_81,data_82,data_83,data_84,data_85,data_86,data_87,data_88,data_89,data_90,data_91,data_92,data_93,data_94,data_95,data_96,data_97,data_98,data_99,data_100
-0.76226383,-1.0096009,0.8670077,0.8233824,0.96921915,-0.6477523,-0.7235447,-0.9018093,-0.5671424,0.740656,-0.9110654,-3.4937632,-2.1145134,-0.84661156,-0.69880646,0.82465655,0.95431757,-1.0163325,-0.85484606,-0.9496509,0.80488527,-0.84176445,1.5720549,-0.8003726,0.8604011,-2.8513236,-1.0814891,0.6322909,0.907948,-0.6043498,-0.7827441,0.79567343,0.65995634,1.2689452,1.3819559,-1.0122803,-0.9627592,-0.5864592,-0.61885726,-1.6209447,-0.7376407,-1.0774308,-1.148811,0.7516966,-0.7777124,-0.9853983,1.5711799,0.76708764,-0.77018744,-0.8335808,-0.8531206,0.76239216,-0.7106901,-0.71917623,-0.6672631,0.8456257,0.6261723,-0.75794965,-1.9255813,0.85818785,-0.59517115,-2.0827188,-0.6012977,-0.8530372,0.6169498,-0.6638993,-0.6576061,1.4890443,-0.76977396,-0.5668663,-0.9385549,2.0908647,-0.5978534,-0.6642577,-0.797916,0.95129097,-0.62594867,-0.71782756,-0.5957542,0.8923382,-0.58877385,1.0735178,-1.1527696,0.80650616,0.82536286,0.9841954,-1.5568256,-1.4042175,0.9089878,-0.7891077,-0.63841516,-1.1306328,0.73958665,0.89880717,-0.9709747,1.4952034,-0.8247193,-1.1349891,-0.9232998,1.6330881
