data_1,data_2,data_3,data_4,data_5,data_6,data_7,data_8,data_9,data_10,data_11,data_12,data_13,data_14,data_15,data_16,data_17,data_18,data_19,data_20,data_21,data_22,data_23,data_24,data_25,data_26,data_27,data_28,data_29,data_30,data_31,data_32,data_33,data_34,data_35,data_36,data_37,data_38,data_39,data_40,data_41,data_42,data_43,data_44,data_45,data_46,data_47,data_48,data_49,data_50,data_51,data_52,data_53,data_54,data_55,data_56,data_57,data_58,data_59,data_60,data_61,data_62,data_63,data_64,data_65,data_66,data_67,data_68,data_69,data_70,data_71,data_72,data_73,data_74,data_75,data_76,data_77,data_78,data_79,data_80,data_81,data_82,data_83,data_84,data_85,data_86,data_87,data_88,data_89,data_90,data_91,data_92,data_93,data_94,data_95,data_96,data_97,data_98,data_99,data_100
1.5775591,1.6097566,1.573116,1.5882881,-1.7299159,1.4067601,1.2008425,1.652052,1.3337681,2.3614964,2.1801133,2.6852214,1.9183103,1.5223556,1.3313674,1.6130922,1.2906907,1.2975473,1.8831114,-1.22438,2.0321553,2.4798336,-1.3333156,-1.3722581,1.7104856,1.7472017,1.3000157,-1.7840259,1.8569494,1.7053772,1.5132854,1.5939412,2.2396994,1.3187525,-1.1520768,1.7354321,-1.4023622,1.349221,1.5152167,1.2292145,1.4167618,1.5132421,1.81948,1.5620867,1.2832296,1.8561229,1.4746679,1.1969784,1.5070409,2.16235,1.7829016,2.2811997,1.4295998,1.3298929,2.31635,-1.2063454,1.6390005,1.295166,1.9162114,2.201813,1.19925,1.3159041,1.4316591,1.7541119,1.7560908,1.6626638,-1.1548463,2.3028934,1.7010419,1.4661891,1.4618444,-1.3554964,1.880752,1.2688278,-1.7394471,1.631011,1.5830773,1.4022193,1.3237892,1.4248337,1.553916,-1.2475573,2.2189138,1.5122726,1.3675362,1.2220098,1.8749216,1.3166739,1.4763827,-1.2309865,-2.348886,1.5627065,2.0756946,1.4829963,1.5119932,1.5006801,1.7385842,1.2835578,2.0212905,1.7503978
