data_1,data_2,data_3,data_4,data_5,data_6,data_7,data_8,data_9,data_10,data_11,data_12,data_13,data_14,data_15,data_16,data_17,data_18,data_19,data_20,data_21,data_22,data_23,data_24,data_25,data_26,data_27,data_28,data_29,data_30,data_31,data_32,data_33,data_34,data_35,data_36,data_37,data_38,data_39,data_40,data_41,data_42,data_43,data_44,data_45,data_46,data_47,data_48,data_49,data_50,data_51,data_52,data_53,data_54,data_55,data_56,data_57,data_58,data_59,data_60,data_61,data_62,data_63,data_64,data_65,data_66,data_67,data_68,data_69,data_70,data_71,data_72,data_73,data_74,data_75,data_76,data_77,data_78,data_79,data_80,data_81,data_82,data_83,data_84,data_85,data_86,data_87,data_88,data_89,data_90,data_91,data_92,data_93,data_94,data_95,data_96,data_97,data_98,data_99,data_100
1.7319387,-1.4265654,1.443727,2.0862749,-1.6043882,1.6838249,1.3927113,2.4037817,1.7482791,2.0267577,-1.2527326,1.629132,-1.3523409,2.1042678,1.8809203,1.7119241,1.8678371,1.5669705,-1.2786326,-1.644699,1.4317707,-1.7233282,1.5832618,1.5372437,-1.9761703,1.8671197,2.944345,2.3071392,2.100851,1.569738,1.4977794,-2.6965916,1.9136484,2.113753,1.5640433,2.2611704,1.644627,1.620874,-1.3346895,1.5119693,2.6912518,1.361712,1.8394122,-1.5936373,2.6510038,1.5198628,1.8887279,2.317908,1.4123847,-1.4460237,1.9587164,1.9576256,1.3857931,-1.2410275,1.5491961,1.9248294,2.9555786,1.8648905,1.7543565,2.3771918,2.1329498,1.4622927,1.7030478,1.8099724,1.7898186,-1.6190567,1.5588677,-1.3159101,1.6481925,1.5250496,1.813396,1.5873058,1.5606264,-2.419533,2.5330307,1.9545091,1.6921105,1.6469129,1.9183221,-1.9586612,-1.3193158,-1.7891513,2.3356552,1.4772094,-1.5941968,3.933111,1.5583446,2.2507653,-1.2772336,-1.788944,-1.2654443,-1.355801,3.225142,-1.2278979,1.6158967,1.9870782,-1.9622692,2.2007482,-1.6769422,-1.2921091
