parameter_1,parameter_2,parameter_3,parameter_4
30.868618,50.055965,7.6251965,12.982137
