data_1,data_2,data_3,data_4,data_5,data_6,data_7,data_8,data_9,data_10
76.0,-9.43663,-24.140686,-16.834919,-11.550104,5.4781427,2.9003608,-4.5652,-10.978831,-17.152586
