data_1,data_2,data_3,data_4,data_5,data_6,data_7,data_8,data_9,data_10,data_11,data_12,data_13,data_14,data_15,data_16,data_17,data_18,data_19,data_20,data_21,data_22,data_23,data_24,data_25,data_26,data_27,data_28,data_29,data_30,data_31,data_32,data_33,data_34,data_35,data_36,data_37,data_38,data_39,data_40,data_41,data_42,data_43,data_44,data_45,data_46,data_47,data_48,data_49,data_50,data_51,data_52,data_53,data_54,data_55,data_56,data_57,data_58,data_59,data_60,data_61,data_62,data_63,data_64,data_65,data_66,data_67,data_68,data_69,data_70,data_71,data_72,data_73,data_74,data_75,data_76,data_77,data_78,data_79,data_80,data_81,data_82,data_83,data_84,data_85,data_86,data_87,data_88,data_89,data_90,data_91,data_92,data_93,data_94,data_95,data_96,data_97,data_98,data_99,data_100
1.3905962,2.1059628,1.3828554,1.3710406,-1.6464003,1.7640712,-1.4955533,1.3678033,1.8108122,1.7736522,1.5539222,-1.8017168,-1.8140508,-1.7411839,-1.7553684,1.4256519,-1.9756014,2.3414414,1.8312461,1.4350276,1.4890403,1.4793674,-2.0332983,1.5869968,1.59166,1.4356561,2.0634913,1.6051204,-2.1478996,-2.1390152,2.3394732,-1.6803588,1.3197479,1.7108217,1.54025,-1.5120018,1.5275447,1.5040344,-1.5565591,-1.7109922,1.3132403,-1.8909119,1.5980539,-1.7146556,1.8475037,2.1749635,2.0581915,-1.3705425,-1.9820379,1.5060472,-1.4630622,1.3011086,1.7319664,-1.6328334,-1.5661789,1.5909594,2.5145838,1.8205781,1.4569472,1.3842006,1.3215092,2.4644897,1.5751964,1.2836678,1.3639754,1.7897388,1.3683845,-1.8287696,1.6069373,-1.8815988,1.2854898,1.4988571,1.42219,1.4297973,1.390394,1.8646308,1.4922467,2.3045976,-1.9978812,1.5553421,-1.7947887,-2.0320835,-1.5774376,-2.4535642,-2.1135693,1.430334,1.4094547,1.4150003,1.7373222,-1.9073268,-1.7990646,1.4860485,1.319234,2.3450987,1.4473497,1.9214655,1.8608122,-1.4557959,1.7416912,1.6324182
