data_1,data_2,data_3,data_4,data_5,data_6,data_7,data_8,data_9,data_10
0.5177732,0.5773388,0.93854237,1.1222665,1.0505929,0.9154728,1.0043862,0.59067696,0.46599692,-0.67259806
