data_1,data_2,data_3,data_4,data_5,data_6,data_7,data_8,data_9,data_10
1.7319387,-1.4265654,1.443727,2.0862749,-1.6043882,1.6838249,1.3927113,2.4037817,1.7482791,2.0267577
