data_1,data_2,data_3,data_4,data_5,data_6,data_7,data_8,data_9,data_10,data_11,data_12,data_13,data_14,data_15,data_16,data_17,data_18,data_19,data_20,data_21,data_22,data_23,data_24,data_25,data_26,data_27,data_28,data_29,data_30,data_31,data_32,data_33,data_34,data_35,data_36,data_37,data_38,data_39,data_40,data_41,data_42,data_43,data_44,data_45,data_46,data_47,data_48,data_49,data_50,data_51,data_52,data_53,data_54,data_55,data_56,data_57,data_58,data_59,data_60,data_61,data_62,data_63,data_64,data_65,data_66,data_67,data_68,data_69,data_70,data_71,data_72,data_73,data_74,data_75,data_76,data_77,data_78,data_79,data_80,data_81,data_82,data_83,data_84,data_85,data_86,data_87,data_88,data_89,data_90,data_91,data_92,data_93,data_94,data_95,data_96,data_97,data_98,data_99,data_100
-0.76659,0.6446581,0.6906117,0.6214994,-0.6231002,0.66443926,0.5951259,0.5861081,0.59766996,-0.7492317,0.5995737,0.75080514,0.57796854,0.57519144,0.62536466,0.6194259,0.6129376,0.6171944,0.8347062,0.5966118,0.5683517,0.6664767,-0.71531314,0.57638913,0.57882667,0.6358721,0.64198506,0.62035847,0.75014627,0.6864702,0.67011863,-0.5777979,0.58110356,0.57072335,0.6148192,-0.6245588,0.7691397,0.59423006,0.573997,0.6507144,0.57746303,0.5821675,-0.5803848,0.5961923,-0.5818087,0.61193013,0.69200647,0.6021537,0.617922,0.7291159,0.59063494,-0.7038285,-0.5896269,-0.63569796,0.5954068,0.56646466,-0.6749322,0.5712305,-0.5956664,0.73732424,0.56969774,0.6731309,0.74948287,0.5872467,1.0292845,0.57649446,0.7178583,0.6423078,-0.7391064,0.69870514,-0.60711545,0.63839614,0.8048687,-0.7222058,0.56269395,0.7158352,0.57610303,0.6326191,0.7481966,0.6403402,0.6068263,0.5741456,0.8416253,0.5725704,-0.59261996,0.7252536,0.62878907,0.57728904,0.5655895,0.60961294,-0.6520671,-0.5814514,0.56995136,0.63383794,0.5850294,0.6789191,0.6308749,0.5962815,-0.6394671,0.71285707
