data_1,data_2,data_3,data_4,data_5,data_6,data_7,data_8,data_9,data_10,data_11,data_12,data_13,data_14,data_15,data_16,data_17,data_18,data_19,data_20,data_21,data_22,data_23,data_24,data_25,data_26,data_27,data_28,data_29,data_30,data_31,data_32,data_33,data_34,data_35,data_36,data_37,data_38,data_39,data_40,data_41,data_42,data_43,data_44,data_45,data_46,data_47,data_48,data_49,data_50,data_51,data_52,data_53,data_54,data_55,data_56,data_57,data_58,data_59,data_60,data_61,data_62,data_63,data_64,data_65,data_66,data_67,data_68,data_69,data_70,data_71,data_72,data_73,data_74,data_75,data_76,data_77,data_78,data_79,data_80,data_81,data_82,data_83,data_84,data_85,data_86,data_87,data_88,data_89,data_90,data_91,data_92,data_93,data_94,data_95,data_96,data_97,data_98,data_99,data_100
-1.7485031,-1.6785694,-1.7122595,-1.7054293,1.7551544,1.8070078,2.080465,1.7398032,-1.7165163,1.8036712,1.8918152,-1.9561547,1.8222978,1.9340421,1.7108455,1.7307024,2.0039635,-1.6946371,2.0117126,-2.0306263,-1.8450438,1.7058591,1.7308407,-1.7123369,1.9409161,-1.8380481,-1.6838865,-1.6647402,-1.9900903,1.8171457,-1.7245736,-1.9067152,-1.6682967,2.1856372,-1.941513,-1.7044799,-1.914648,-1.6691307,1.7503059,1.9006623,1.7258477,1.7510241,1.7582511,1.6820816,1.7074951,2.0029178,-1.6710625,1.9667199,-1.7372693,1.8409761,-2.1116824,1.7983245,1.78352,-1.6978706,1.7887126,-1.6898824,1.7212592,1.7836753,1.9327039,-1.7361017,-1.7172223,1.7253901,-1.6947657,-1.6777053,-1.7383484,1.767635,1.9113272,1.7269274,-1.7135726,1.8738652,-1.6863577,2.4558363,1.9190766,-1.6931592,-1.7120676,1.902747,2.0276012,2.0182428,1.7971784,1.7707834,2.3008442,1.7390903,-1.6714246,-1.6938193,-1.6720365,-1.7436262,-2.0168927,-1.7031949,1.7223014,-1.7087308,-1.6743938,-1.6889011,1.8905832,-1.6969241,1.7989293,1.7420857,-1.7150166,1.775147,2.0036786,-1.8067288
