data_1,data_2,data_3,data_4,data_5,data_6,data_7,data_8,data_9,data_10,data_11,data_12,data_13,data_14,data_15,data_16,data_17,data_18,data_19,data_20,data_21,data_22,data_23,data_24,data_25,data_26,data_27,data_28,data_29,data_30,data_31,data_32,data_33,data_34,data_35,data_36,data_37,data_38,data_39,data_40,data_41,data_42,data_43,data_44,data_45,data_46,data_47,data_48,data_49,data_50,data_51,data_52,data_53,data_54,data_55,data_56,data_57,data_58,data_59,data_60,data_61,data_62,data_63,data_64,data_65,data_66,data_67,data_68,data_69,data_70,data_71,data_72,data_73,data_74,data_75,data_76,data_77,data_78,data_79,data_80,data_81,data_82,data_83,data_84,data_85,data_86,data_87,data_88,data_89,data_90,data_91,data_92,data_93,data_94,data_95,data_96,data_97,data_98,data_99,data_100
2.066256,1.8164,2.2187448,2.3007088,2.1030023,1.7744495,1.9176772,1.9188253,2.0646396,2.224143,2.4822404,1.834689,1.8809373,2.025731,1.8468375,1.8133982,2.0084713,1.8470414,2.8730938,1.7292725,1.8217422,2.9092605,1.8891488,1.7100639,2.0363264,1.9453841,1.8660071,1.7921548,3.9824207,1.8504448,1.9235486,2.1839895,1.8595029,1.7298962,1.6883605,1.9701725,2.1505597,2.0175936,1.6529329,2.010117,1.6709325,2.3254,1.8526657,2.2924666,1.6904061,1.7568523,2.099857,-1.656658,1.8277423,1.9416463,2.2880702,1.6852949,2.2154515,2.3849924,2.1302118,2.4221165,2.3329694,2.0176167,1.8325343,2.353086,-1.6972586,2.0025668,1.7998703,1.8879545,1.919712,1.6597414,1.9621704,2.4815688,2.9533741,-2.557655,2.3206518,1.7554603,1.9109975,1.7619723,1.7669228,1.7728007,-1.7225572,1.8217556,1.8374867,1.788005,1.8478458,1.8251699,2.2267244,2.6827388,2.1159663,1.8400902,1.8524506,2.5573232,3.075265,3.504435,2.0345404,2.037432,2.5054948,2.0700521,1.8173448,2.4364095,1.861823,2.2393184,2.5142603,1.8358994
