parameter_1,parameter_2,parameter_3,parameter_4
56.949993,24.144388,8.906289,2.3554282
