data_1,data_2,data_3,data_4,data_5,data_6,data_7,data_8,data_9,data_10
2.066256,1.8164,2.2187448,2.3007088,2.1030023,1.7744495,1.9176772,1.9188253,2.0646396,2.224143
