data_1,data_2,data_3,data_4,data_5,data_6,data_7,data_8,data_9,data_10
0.46684834,-1.0391812,-0.4221986,-0.043471217,0.06795333,0.44685173,0.034785576,-0.48691356,-0.14388148,-0.60066223
