parameter_1,parameter_2,parameter_3,parameter_4,parameter_5,parameter_6,parameter_7,parameter_8,parameter_9,parameter_10
0.7524056,-0.40969732,-0.4214273,0.5400569,0.106762305,0.44723606,0.15044528,-0.44408217,0.03280716,-0.7424394
