data_1,data_2,data_3,data_4,data_5,data_6,data_7,data_8,data_9,data_10,data_11,data_12,data_13,data_14,data_15,data_16,data_17,data_18,data_19,data_20,data_21,data_22,data_23,data_24,data_25,data_26,data_27,data_28,data_29,data_30,data_31,data_32,data_33,data_34,data_35,data_36,data_37,data_38,data_39,data_40,data_41,data_42,data_43,data_44,data_45,data_46,data_47,data_48,data_49,data_50,data_51,data_52,data_53,data_54,data_55,data_56,data_57,data_58,data_59,data_60,data_61,data_62,data_63,data_64,data_65,data_66,data_67,data_68,data_69,data_70,data_71,data_72,data_73,data_74,data_75,data_76,data_77,data_78,data_79,data_80,data_81,data_82,data_83,data_84,data_85,data_86,data_87,data_88,data_89,data_90,data_91,data_92,data_93,data_94,data_95,data_96,data_97,data_98,data_99,data_100
1.1782774,1.0827174,1.227628,1.1649135,1.1161495,1.0935261,1.0144293,1.5240237,1.0558344,1.0271407,1.0960834,-1.1318814,1.2813337,1.1200192,1.1139104,2.0801868,1.0783892,1.1317971,-1.1017072,1.0379641,-1.0853022,-1.4676883,1.2035186,1.3561723,1.0509592,1.155814,1.2344435,1.2618498,1.0868621,-1.5989951,1.0165191,1.0558164,1.093647,1.1298902,1.3879836,1.0140887,1.0954396,1.1202204,1.034591,-1.351015,1.2792187,1.0235437,-1.6470436,1.0840636,-1.1989769,1.2665548,1.0720255,-1.308055,1.1619136,1.0949358,1.1301725,1.0184846,1.1952332,1.0329012,1.3174016,1.3666286,1.052724,1.2445921,1.6142243,-1.2525227,1.166864,1.0979762,1.4031554,1.0447124,1.2468739,-1.3035189,1.0385576,1.0544058,1.2283167,1.3828416,-1.2138811,1.1205183,1.0487999,1.5722041,2.1112363,1.3617067,-1.1718596,1.1401658,1.021613,1.4576175,-1.5951043,1.1009282,1.1724986,1.027852,1.2467993,1.3207755,1.5541148,1.1335326,1.6628723,-1.1465341,1.0130687,1.0483782,1.2932006,1.1574566,1.0216517,1.0745584,1.119545,1.3235939,1.0568073,1.8405743
