data_1,data_2,data_3,data_4,data_5,data_6,data_7,data_8,data_9,data_10,data_11,data_12,data_13,data_14,data_15,data_16,data_17,data_18,data_19,data_20,data_21,data_22,data_23,data_24,data_25,data_26,data_27,data_28,data_29,data_30,data_31,data_32,data_33,data_34,data_35,data_36,data_37,data_38,data_39,data_40,data_41,data_42,data_43,data_44,data_45,data_46,data_47,data_48,data_49,data_50,data_51,data_52,data_53,data_54,data_55,data_56,data_57,data_58,data_59,data_60,data_61,data_62,data_63,data_64,data_65,data_66,data_67,data_68,data_69,data_70,data_71,data_72,data_73,data_74,data_75,data_76,data_77,data_78,data_79,data_80,data_81,data_82,data_83,data_84,data_85,data_86,data_87,data_88,data_89,data_90,data_91,data_92,data_93,data_94,data_95,data_96,data_97,data_98,data_99,data_100
-0.6825026,-0.6673254,-0.65750134,0.5642361,-0.5542777,-0.67789763,-0.57653487,-0.646369,-0.69808835,0.5511804,-0.6408038,-0.564966,-0.68671316,0.588441,-0.52347755,-0.5936571,0.5712097,0.5248026,-0.579963,0.60081756,-0.5659609,-0.9217128,-0.56820077,0.7428715,0.58699226,-0.5853397,-0.7589805,-0.6589621,-0.7509205,-0.5976077,0.5319387,0.52584046,-0.6269137,-0.6490221,0.5806452,-0.8259379,0.51208043,0.6290401,-0.58085793,0.52505577,-0.6711702,-0.5799348,0.7377209,-0.5548074,0.54937166,-0.55997986,-0.7231182,0.538768,0.5183722,0.66060764,0.5325844,-0.6812536,0.5967226,-0.66967636,0.5114655,-0.64573866,0.6469347,0.5583597,-0.7127705,-0.5554814,-0.79127836,0.5825444,0.5471681,-0.62812865,0.5326215,0.53269106,0.5849073,-0.73102456,-0.61028934,-0.6889631,-0.7117836,0.56487954,-0.6736734,0.551962,-0.5968734,0.5536148,-1.1590346,-0.78451914,-0.64455485,0.53645486,0.5427556,-0.8340231,-0.8570425,-0.72777987,-0.6831606,0.5217953,0.58166623,0.5472697,0.54270476,-0.63738614,0.6565007,0.5384589,-0.57033134,0.5938509,0.52230614,0.520237,-0.72142816,-0.5827752,0.5401318,0.54762536
