data_1,data_2,data_3,data_4,data_5,data_6,data_7,data_8,data_9,data_10,data_11,data_12,data_13,data_14,data_15,data_16,data_17,data_18,data_19,data_20,data_21,data_22,data_23,data_24,data_25,data_26,data_27,data_28,data_29,data_30,data_31,data_32,data_33,data_34,data_35,data_36,data_37,data_38,data_39,data_40,data_41,data_42,data_43,data_44,data_45,data_46,data_47,data_48,data_49,data_50,data_51,data_52,data_53,data_54,data_55,data_56,data_57,data_58,data_59,data_60,data_61,data_62,data_63,data_64,data_65,data_66,data_67,data_68,data_69,data_70,data_71,data_72,data_73,data_74,data_75,data_76,data_77,data_78,data_79,data_80,data_81,data_82,data_83,data_84,data_85,data_86,data_87,data_88,data_89,data_90,data_91,data_92,data_93,data_94,data_95,data_96,data_97,data_98,data_99,data_100
-1.993002,-1.9095448,-3.1934812,-2.2302916,-2.2583363,-2.0184891,-2.3062608,-2.0049887,-2.4959822,-1.9742411,-2.1862278,-2.6312745,-2.2230432,-2.2132735,-1.9971417,-1.9650718,-1.8945284,-2.1507955,-2.4137359,-2.423888,-2.3048325,-2.266489,-2.247805,-2.1323526,-2.342904,-3.2962337,-2.2370245,-1.9418999,-1.8842297,-2.0006018,-2.355344,-2.0763855,-1.9393896,-2.158219,-2.283645,-2.5593607,-1.8951027,-1.927301,-2.4048176,-2.1571968,-2.1951115,-1.9676442,-1.9185,-1.872718,-2.4147973,-2.5075057,-2.1111212,-1.9699128,-2.1908019,-2.271143,-2.072626,-2.6598384,-2.0694828,-2.165589,-2.1743193,-2.2537851,-2.5856786,-2.3350623,-2.143442,-2.0139666,-1.8792417,-2.1739464,-2.0698812,-2.6296515,2.187733,-2.621839,-1.9290099,-1.9114037,-2.041785,-2.7463377,2.1166844,-2.1565616,-1.9962264,-2.809803,-1.9081173,-2.0471377,-1.8823757,-2.3068974,-2.3751025,-2.1494863,-3.0851228,-2.237394,-2.299862,-2.893422,-2.2732387,-2.1078703,-2.2044141,-1.8894234,-3.0192897,-2.4571543,-2.3285806,-1.9438311,-2.1435113,-2.1263962,-2.0254405,-2.5797105,-3.313629,-2.286984,-2.233832,-1.9519751
