data_1,data_2,data_3,data_4,data_5,data_6,data_7,data_8,data_9,data_10
-0.6079387,0.7688221,-1.0182762,-0.59613293,-0.6892885,0.85524315,-0.82406604,0.95134324,0.97016865,-0.8112
