data_1,data_2,data_3,data_4,data_5,data_6,data_7,data_8,data_9,data_10
-1.4465923,-0.66925126,-1.1428995,1.3475194,-0.5520841,0.7836946,0.94915587,-0.47066775,-0.6279309,-0.5234002
