data_1,data_2,data_3,data_4,data_5,data_6,data_7,data_8,data_9,data_10
0.38608247,0.49618697,-0.52221394,-0.37965906,0.45278764,0.58206445,-0.374037,-0.43066597,0.6786795,-0.39451352
