data_1,data_2
-0.17962828,-0.5452459
