parameter_1,parameter_2
0.6775234,0.013154268
