data_1,data_2,data_3,data_4,data_5,data_6,data_7,data_8,data_9,data_10
0.086261556,0.23511642,-0.12244874,-0.23736775,-0.14382003,-0.59807384,0.5410164,0.35587752,0.45564276,0.33464402
