parameter_1,parameter_2,parameter_3,parameter_4,parameter_5,parameter_6,parameter_7,parameter_8,parameter_9,parameter_10
-0.15898985,-0.08629426,-0.021514494,0.28765088,-0.15135133,-0.1654573,0.6602954,0.07169207,-0.011314105,0.1380289
