data_1,data_2,data_3,data_4,data_5,data_6,data_7,data_8
1.2463324,-2.414371,-2.9786007,-2.3214335,-17.3002,-3.298883,-13.487199,-3.023044
