data_1,data_2,data_3,data_4,data_5,data_6,data_7,data_8,data_9,data_10,data_11,data_12,data_13,data_14,data_15,data_16,data_17,data_18,data_19,data_20,data_21,data_22,data_23,data_24,data_25,data_26,data_27,data_28,data_29,data_30,data_31,data_32,data_33,data_34,data_35,data_36,data_37,data_38,data_39,data_40,data_41,data_42,data_43,data_44,data_45,data_46,data_47,data_48,data_49,data_50,data_51,data_52,data_53,data_54,data_55,data_56,data_57,data_58,data_59,data_60,data_61,data_62,data_63,data_64,data_65,data_66,data_67,data_68,data_69,data_70,data_71,data_72,data_73,data_74,data_75,data_76,data_77,data_78,data_79,data_80,data_81,data_82,data_83,data_84,data_85,data_86,data_87,data_88,data_89,data_90,data_91,data_92,data_93,data_94,data_95,data_96,data_97,data_98,data_99,data_100
4.490319,51.889023,14.655471,-28.226675,-4.3310857,37.04907,-5.946718,12.6649,-0.16419397,8.210995,-18.565004,9.309374,-19.814287,-13.76922,-20.68626,27.118423,-13.487199,-2.3392112,-20.035118,-22.263584,17.54449,-3.298883,1.2463324,-2.9786007,9.78912,23.219395,0.12314159,8.706319,3.608041,-27.492384,58.206303,-65.10826,0.50952107,-2.414371,3.298702,-13.540416,-62.75035,-14.406137,80.76176,60.90787,21.400194,27.871635,-17.3002,38.11997,45.42586,50.09567,40.61282,30.917732,30.262146,20.910408,47.30707,12.931725,18.83911,-1.7141594,-38.20507,-21.14806,28.741873,-15.2535715,37.151028,24.344173,3.3076696,-29.642063,14.957576,41.310383,56.43153,-11.841264,86.76267,-2.3214335,-31.032507,17.763845,-11.331035,7.2319264,-7.456793,-41.083496,37.553047,-6.488245,18.118324,-32.173946,-5.3711147,16.136698,-26.798582,54.363678,0.9352115,-34.24065,11.321498,-22.78971,26.659863,59.029324,-41.34141,-77.05076,-3.023044,-43.48652,-42.649525,-0.82710505,58.89029,16.634474,7.6514716,-36.047424,4.772532,14.26805
