parameter_1,parameter_2,parameter_3,parameter_4,parameter_5
-2.8381855,-2.4080014,2.9901233,-0.72601986,1.2363443
