data_1,data_2,data_3,data_4,data_5,data_6,data_7,data_8,data_9,data_10,data_11,data_12,data_13,data_14,data_15,data_16,data_17,data_18,data_19,data_20
28.15226,3.8629706,2.6170998,31.54924,3.1616938,2.9502952,39.532528,2.5500336,3.316563,34.538105,0.95660037,101.18919,5.6959867,1.0575222,85.45027,5.117533,1.1498584,85.82457,3.7943587,1.1168193
