$\alpha$,$\beta$,$\gamma$,$\delta$
1.2372636,0.039705638,1.6099995,0.07164007
