data_1,data_2,data_3,data_4,data_5,data_6,data_7,data_8,data_9,data_10
-1.4221425,1.2825698,1.5652325,1.3412828,1.3937689,1.2802714,1.2785147,1.3143531,1.2984756,1.3976493
