data_1,data_2,data_3,data_4,data_5,data_6,data_7,data_8,data_9,data_10,data_11,data_12,data_13,data_14,data_15,data_16,data_17,data_18,data_19,data_20,data_21,data_22,data_23,data_24,data_25,data_26,data_27,data_28,data_29,data_30,data_31,data_32,data_33,data_34,data_35,data_36,data_37,data_38,data_39,data_40,data_41,data_42,data_43,data_44,data_45,data_46,data_47,data_48,data_49,data_50,data_51,data_52,data_53,data_54,data_55,data_56,data_57,data_58,data_59,data_60,data_61,data_62,data_63,data_64,data_65,data_66,data_67,data_68,data_69,data_70,data_71,data_72,data_73,data_74,data_75,data_76,data_77,data_78,data_79,data_80,data_81,data_82,data_83,data_84,data_85,data_86,data_87,data_88,data_89,data_90,data_91,data_92,data_93,data_94,data_95,data_96,data_97,data_98,data_99,data_100
-0.8601763,-1.1084734,-0.36261895,-0.9463281,-0.30022934,-0.4171146,-0.4643529,-0.34227994,-1.0576462,-0.37237912,-0.45792994,-0.9847946,-0.6904411,1.2665055,0.77712846,-0.39991608,0.88545156,-0.77665544,1.6905117,-1.1289822,-0.6535593,0.66566163,0.79836905,-0.30817184,1.0077803,0.5102692,-1.0373486,-0.41909492,-0.4971035,-0.3301215,-1.1662838,1.4520568,-0.36032903,-3.0616052,-0.3659035,0.47405246,-0.28172192,-0.92904,0.59786034,0.93774915,-0.5280188,-0.5983972,1.0111185,0.5251973,-0.4554832,-0.519758,-0.6991427,-0.7032484,-0.7540272,-0.5067462,-0.37150076,-0.897826,0.55710137,0.43504673,0.89805406,-0.4792945,0.45646328,0.5191002,-0.28504255,-0.7574514,-0.36168882,-0.42116746,-0.40036663,-0.3330353,0.62624025,0.6552108,-0.4748047,-1.7396717,-0.43374953,-0.98133445,-0.39143044,-1.3059355,-0.3338432,-0.52028155,-1.2006617,-0.37266514,1.261539,-0.47582257,-0.3304118,-1.2967283,-0.44563356,-0.8063239,-0.6047252,0.5213398,1.4043645,-1.0374476,-0.40481436,-0.37585318,-0.45758197,-0.31392378,0.58259356,1.0602547,-0.41643777,-0.50158983,-0.3029486,-0.5181282,0.5915163,-1.0263531,-0.8082365,-0.46957153
