data_1,data_2,data_3,data_4,data_5,data_6,data_7,data_8,data_9,data_10
-1.1389225,-0.89592445,-0.89292556,0.888906,-0.9088649,0.9234622,1.1070986,1.132466,-1.0389671,-0.76474917
