parameter_1,parameter_2,parameter_3,parameter_4
57.080463,46.35858,10.423782,2.798675
