data_1,data_2,data_3,data_4,data_5,data_6,data_7,data_8,data_9,data_10,data_11,data_12,data_13,data_14,data_15,data_16,data_17,data_18,data_19,data_20
31.796799,36.954117,0.05387173,0.005765773,0.0067374585,0.015787471,0.063666806,0.30895704,1.4409682,5.976292,0.84573966,180.02232,130.38635,51.78751,22.295544,7.619567,3.479538,1.6294985,0.82337314,0.49539918
