$\alpha$,$\beta$,$\gamma$,$\delta$
0.79016453,0.02135475,0.4112386,0.04988023
