data_1,data_2,data_3,data_4,data_5,data_6,data_7,data_8,data_9,data_10,data_11,data_12,data_13,data_14,data_15,data_16,data_17,data_18,data_19,data_20,data_21,data_22,data_23,data_24,data_25,data_26,data_27,data_28,data_29,data_30,data_31,data_32,data_33,data_34,data_35,data_36,data_37,data_38,data_39,data_40,data_41,data_42,data_43,data_44,data_45,data_46,data_47,data_48,data_49,data_50,data_51,data_52,data_53,data_54,data_55,data_56,data_57,data_58,data_59,data_60,data_61,data_62,data_63,data_64,data_65,data_66,data_67,data_68,data_69,data_70,data_71,data_72,data_73,data_74,data_75,data_76,data_77,data_78,data_79,data_80,data_81,data_82,data_83,data_84,data_85,data_86,data_87,data_88,data_89,data_90,data_91,data_92,data_93,data_94,data_95,data_96,data_97,data_98,data_99,data_100
-60.45943,122.823166,-67.01942,-12.581524,-22.893969,32.517273,67.27135,-115.6545,385.10355,35.331844,-78.32788,-20.674372,-81.68816,74.251755,-90.91423,-61.497875,-1.2343777,29.395075,-42.870472,19.187525,3.1666663,-1.9067793,2.3718784,9.931435,-27.483328,-44.683464,-75.65134,-88.41149,78.22429,-19.491358,-87.48924,186.3353,-2.0567365,0.49947417,9.588209,-62.24843,-37.90078,-111.08592,23.009779,-162.13936,19.562742,80.61907,-10.436423,17.018816,-112.77521,80.616554,-27.125841,2.8041465,-79.734665,115.96121,2.7012832,-67.9851,-47.83357,54.03682,14.431202,-112.27578,-12.678788,69.45191,-62.345306,-18.428486,83.55713,167.05466,36.280495,-10.09448,-112.102516,-6.868362,12.451546,1.7136912,-48.29132,-30.129011,177.97679,118.24041,-33.984577,-21.839827,95.868256,-22.492027,-151.0377,24.236076,46.813725,181.59402,-110.25067,36.143417,-113.94097,48.485554,-53.97667,-2.9170897,58.22745,153.59654,-121.075356,128.1089,-0.09735,61.27503,62.488945,-8.37021,-10.590089,49.07796,-35.693996,146.29234,-45.086143,5.237772
