data_1,data_2,data_3,data_4,data_5,data_6,data_7,data_8
2.3718784,0.49947417,9.931435,1.7136912,-10.436423,-1.9067793,-1.2343777,-0.09735
