parameter_1,parameter_2,parameter_3,parameter_4,parameter_5
-2.8581212,-0.44451332,2.9473476,1.2396116,2.9712725
