data_1,data_2,data_3,data_4,data_5,data_6,data_7,data_8,data_9,data_10
-0.8601763,-1.1084734,-0.36261895,-0.9463281,-0.30022934,-0.4171146,-0.4643529,-0.34227994,-1.0576462,-0.37237912
