data_1,data_2,data_3,data_4,data_5,data_6,data_7,data_8,data_9,data_10
0.43484968,0.5951628,0.24885634,0.6911342,-0.80032897,0.5683282,-0.23501486,0.4710286,0.3702978,-0.88694054
