data_1,data_2,data_3,data_4,data_5,data_6,data_7,data_8,data_9,data_10
-0.6760785,0.6074408,-0.6590693,-0.81441784,-1.2619061,0.57710004,1.4345369,0.85925364,2.2226179,0.66407514
