data_1,data_2,data_3,data_4,data_5,data_6,data_7,data_8,data_9,data_10,data_11,data_12,data_13,data_14,data_15,data_16,data_17,data_18,data_19,data_20,data_21,data_22,data_23,data_24,data_25,data_26,data_27,data_28,data_29,data_30,data_31,data_32,data_33,data_34,data_35,data_36,data_37,data_38,data_39,data_40,data_41,data_42,data_43,data_44,data_45,data_46,data_47,data_48,data_49,data_50,data_51,data_52,data_53,data_54,data_55,data_56,data_57,data_58,data_59,data_60,data_61,data_62,data_63,data_64,data_65,data_66,data_67,data_68,data_69,data_70,data_71,data_72,data_73,data_74,data_75,data_76,data_77,data_78,data_79,data_80,data_81,data_82,data_83,data_84,data_85,data_86,data_87,data_88,data_89,data_90,data_91,data_92,data_93,data_94,data_95,data_96,data_97,data_98,data_99,data_100
-1.9622375,2.0528367,-1.5029844,1.871242,-1.7900653,-1.5931857,-2.325667,1.582247,1.7095387,-1.5932767,1.8061994,-1.4847707,-2.6062405,-1.5510738,-1.5077604,-1.6006174,-1.8072277,1.5188345,-1.8118354,-1.9676248,1.6703883,-1.6680067,-1.7759227,1.7710805,1.6682916,-1.6858203,-1.4745204,-1.8640817,-1.9360561,1.620926,1.9752227,-1.5466727,-2.02408,2.230245,-1.5431035,1.630427,1.7268313,1.6779277,2.6657941,2.7261117,-2.4620278,2.253364,-1.5452067,-1.6184413,-1.5381917,-1.5010047,-1.7909461,1.7823796,-2.0637386,-1.6280951,-2.8617096,-1.5634899,-3.1944094,-1.7866838,1.9971327,-1.9647219,-1.8886496,-1.5230485,-2.664674,2.2991776,1.9474714,-1.816998,-1.9200394,-1.6457623,-1.5392805,-1.7282617,1.9433403,-1.5692606,-1.5203635,1.5267285,2.100434,1.7442737,2.362982,2.2187374,-1.7029526,-1.6714714,1.941665,-1.9001857,1.6359607,-1.5134921,1.7262955,-1.9216298,1.694537,-1.537684,-1.6264375,2.3056853,-1.616942,1.6948199,-1.6151385,-2.1889014,1.7218229,1.9736915,-1.6958573,-1.4854621,-1.5246421,-1.9805077,-1.9302936,-1.5475223,-1.5641509,-1.5954908
