data_1,data_2,data_3,data_4,data_5,data_6,data_7,data_8,data_9,data_10,data_11,data_12,data_13,data_14,data_15,data_16,data_17,data_18,data_19,data_20,data_21,data_22,data_23,data_24,data_25,data_26,data_27,data_28,data_29,data_30,data_31,data_32,data_33,data_34,data_35,data_36,data_37,data_38,data_39,data_40,data_41,data_42,data_43,data_44,data_45,data_46,data_47,data_48,data_49,data_50,data_51,data_52,data_53,data_54,data_55,data_56,data_57,data_58,data_59,data_60,data_61,data_62,data_63,data_64,data_65,data_66,data_67,data_68,data_69,data_70,data_71,data_72,data_73,data_74,data_75,data_76,data_77,data_78,data_79,data_80,data_81,data_82,data_83,data_84,data_85,data_86,data_87,data_88,data_89,data_90,data_91,data_92,data_93,data_94,data_95,data_96,data_97,data_98,data_99,data_100
-0.9423116,0.8666692,0.9429465,0.77393097,0.843235,-1.0640959,0.80324817,-1.2664336,-0.91088235,1.0200356,0.8191664,-0.9078357,1.2264192,-0.81855464,-0.85298705,-0.8163854,-1.0119914,0.7798816,0.929988,0.9447943,0.7684081,0.7693801,0.8792737,0.82563376,-0.9783937,-1.4056314,0.80150586,0.8334389,1.0738076,0.80398244,-1.0521286,0.88608253,-1.2578987,0.78462374,0.7730136,0.7890583,0.8148855,0.79835033,0.7729337,-0.8512661,0.8263104,-0.9959754,0.87765074,0.7779553,-0.9409565,-0.8781272,-1.022523,0.774926,0.8280729,0.89996517,-1.0526881,-0.84883314,1.0529015,-0.9832285,0.8606005,1.0122873,0.9212636,1.0045375,0.83005583,0.8034456,0.7758245,0.80853796,0.9959535,-0.9350366,-0.8987042,0.77879125,1.140098,0.8443459,0.77577525,-0.8046354,0.84657884,-0.8489789,-0.93791,-0.8160196,0.7951128,0.79433405,0.8095732,-1.161265,0.77024233,-0.84126747,-0.95695627,-1.2802728,0.8069154,0.7958771,-0.8329461,0.908004,1.0134604,-0.7856122,0.76663166,0.7857803,-0.8633038,0.80675334,0.8072105,-0.99919766,0.85573053,0.85793906,0.80382395,-1.3729082,1.173059,0.8158551
