data_1,data_2,data_3,data_4,data_5,data_6,data_7,data_8,data_9,data_10
2.1604874,-2.3712723,2.2741508,-2.0932474,2.2275925,2.31098,2.0686867,2.1639972,1.9220165,2.3124552
