data_1,data_2,data_3,data_4,data_5,data_6,data_7,data_8,data_9,data_10
-1.4137552,-0.9177345,-2.0561764,0.60553044,1.3875154,-0.66012836,-0.78533787,-0.596567,-0.80529493,-0.8552052
