data_1,data_2,data_3,data_4,data_5,data_6,data_7,data_8,data_9,data_10
1.1303468,-1.2913091,1.1723974,-1.1113068,-1.1801463,-1.1922107,1.1201197,-1.0698571,-1.1434656,-1.0643927
