data_1,data_2,data_3,data_4,data_5,data_6,data_7,data_8,data_9,data_10,data_11,data_12,data_13,data_14,data_15,data_16,data_17,data_18,data_19,data_20,data_21,data_22,data_23,data_24,data_25,data_26,data_27,data_28,data_29,data_30,data_31,data_32,data_33,data_34,data_35,data_36,data_37,data_38,data_39,data_40,data_41,data_42,data_43,data_44,data_45,data_46,data_47,data_48,data_49,data_50,data_51,data_52,data_53,data_54,data_55,data_56,data_57,data_58,data_59,data_60,data_61,data_62,data_63,data_64,data_65,data_66,data_67,data_68,data_69,data_70,data_71,data_72,data_73,data_74,data_75,data_76,data_77,data_78,data_79,data_80,data_81,data_82,data_83,data_84,data_85,data_86,data_87,data_88,data_89,data_90,data_91,data_92,data_93,data_94,data_95,data_96,data_97,data_98,data_99,data_100
2.5860999,1.1140112,1.2111654,1.4658192,1.0732683,-1.5727763,1.223182,0.9343496,1.289504,1.1529434,1.7370896,1.3099726,1.2270358,1.216377,1.6190492,1.2280843,1.3844575,1.8855151,0.99167114,2.1520376,1.196269,1.2125615,1.2969021,1.9439989,1.5436198,1.3143238,1.0520349,0.9819291,1.3072577,1.1849017,1.0948486,1.168158,1.0289865,-1.3554126,1.5384194,1.0195965,1.0776291,1.421382,1.4318528,1.7253752,1.8270342,1.0096353,1.3212454,1.0595757,1.1934068,1.1942908,-1.8953677,1.0727487,-1.4351047,1.7821368,1.070773,1.5316739,2.4641678,1.2279044,1.0048221,1.0282276,1.4020222,0.99142617,-1.1753047,1.7782902,1.6301478,1.2069179,-1.8608334,1.3200518,1.0665803,-1.9278622,1.0915322,1.8347387,1.2241095,1.8797578,-1.423884,-1.115143,1.3921475,2.213928,-1.5581528,-1.7684067,1.1980029,0.994264,1.2916062,1.4976358,1.034024,1.0398504,2.0862956,2.3661551,1.3259543,2.9425488,1.0178422,1.1294948,1.0109687,1.1497627,-1.4317417,1.5734587,1.2264773,1.531472,1.4324278,1.7543201,1.11176,-1.1670349,1.2946608,-1.4099485
