data_1,data_2,data_3,data_4,data_5,data_6,data_7,data_8,data_9,data_10,data_11,data_12,data_13,data_14,data_15,data_16,data_17,data_18,data_19,data_20,data_21,data_22,data_23,data_24,data_25,data_26,data_27,data_28,data_29,data_30,data_31,data_32,data_33,data_34,data_35,data_36,data_37,data_38,data_39,data_40,data_41,data_42,data_43,data_44,data_45,data_46,data_47,data_48,data_49,data_50,data_51,data_52,data_53,data_54,data_55,data_56,data_57,data_58,data_59,data_60,data_61,data_62,data_63,data_64,data_65,data_66,data_67,data_68,data_69,data_70,data_71,data_72,data_73,data_74,data_75,data_76,data_77,data_78,data_79,data_80,data_81,data_82,data_83,data_84,data_85,data_86,data_87,data_88,data_89,data_90,data_91,data_92,data_93,data_94,data_95,data_96,data_97,data_98,data_99,data_100
0.75883734,0.67570436,1.4189012,1.5751213,0.62894034,0.59391105,0.98554677,1.3990607,0.95658255,0.77868897,0.71220136,0.754232,1.0346335,0.95862013,1.3314966,0.72735083,1.0743756,0.71499866,-1.3464956,0.73980755,0.74815863,0.7661545,0.8183339,0.8023486,1.2424861,-1.823648,0.8409293,1.3202647,0.67556226,-1.6893446,0.63758266,1.0399289,0.6787415,1.7959872,1.409615,0.69525725,0.9099706,1.1034149,0.6234273,1.0841266,0.71284634,0.69878536,1.0274608,0.68399554,0.73488873,1.1131427,0.97290874,0.8231457,0.9227533,1.2154931,1.7520663,0.6770293,0.6839735,1.0311655,3.39526,0.73398376,1.9296747,0.6455556,-0.83434284,0.6612935,0.60539436,1.1019688,0.9108898,0.836295,0.66509354,0.77914786,0.6897786,0.6507084,0.74487203,0.63422996,0.7506583,2.6951268,0.908433,0.7308678,0.6483356,0.86695856,1.0818254,1.0415232,0.83785224,1.3814361,0.8698122,1.010714,1.1745079,1.4262202,1.1751908,0.66753894,1.8499793,0.7898433,0.7548886,0.85437465,0.7760966,0.68269134,0.83926225,0.70460945,0.7930993,1.0973821,0.6203263,1.7994125,0.64994365,1.50115
