data_1,data_2,data_3,data_4,data_5,data_6,data_7,data_8,data_9,data_10,data_11,data_12,data_13,data_14,data_15,data_16,data_17,data_18,data_19,data_20,data_21,data_22,data_23,data_24,data_25,data_26,data_27,data_28,data_29,data_30,data_31,data_32,data_33,data_34,data_35,data_36,data_37,data_38,data_39,data_40,data_41,data_42,data_43,data_44,data_45,data_46,data_47,data_48,data_49,data_50,data_51,data_52,data_53,data_54,data_55,data_56,data_57,data_58,data_59,data_60,data_61,data_62,data_63,data_64,data_65,data_66,data_67,data_68,data_69,data_70,data_71,data_72,data_73,data_74,data_75,data_76,data_77,data_78,data_79,data_80,data_81,data_82,data_83,data_84,data_85,data_86,data_87,data_88,data_89,data_90,data_91,data_92,data_93,data_94,data_95,data_96,data_97,data_98,data_99,data_100
0.9184366,-0.67940015,-0.7814642,-0.6494852,0.9344407,0.6829959,0.67117256,0.85279274,0.9024253,0.9756105,0.6850936,-0.95190567,0.76087016,0.76054645,0.72470057,0.86484283,0.8733954,1.4804395,0.8698376,0.71756756,0.97289604,0.6866383,0.75361574,0.8238476,0.733656,0.65466744,-0.77890825,0.84539115,0.9303599,-0.641421,-0.700047,0.78918844,0.8065613,-0.9515456,0.7522428,0.70698655,-0.71203125,0.7292226,0.7356242,-0.66995794,-0.85153633,-0.80900884,-0.8426291,0.69669163,1.3490511,0.66679966,0.7875973,-0.6393825,0.72722447,-0.7235458,1.2385834,-0.925144,0.8270612,0.7084896,0.9315422,0.7776353,-0.6796406,0.671916,0.7392396,-0.6556885,0.75877726,0.8676721,-0.752422,0.9452246,1.0850428,0.8662083,0.7356087,0.7177188,-0.7166364,0.8411618,0.7638235,0.8226542,0.79094636,0.7364985,0.71980697,1.3604804,-0.83717686,-1.3942467,0.73221916,0.70466405,0.79042083,-0.68975955,0.72468126,1.0834016,0.8387928,-0.8216951,1.3389041,0.68369925,-0.92222214,0.8315401,-0.68889385,0.7375819,1.0748476,0.73382896,0.7282185,-0.69939786,0.79282767,0.7256122,0.9999043,1.1434151
