data_1,data_2,data_3,data_4,data_5,data_6,data_7,data_8,data_9,data_10,data_11,data_12,data_13,data_14,data_15,data_16,data_17,data_18,data_19,data_20,data_21,data_22,data_23,data_24,data_25,data_26,data_27,data_28,data_29,data_30,data_31,data_32,data_33,data_34,data_35,data_36,data_37,data_38,data_39,data_40,data_41,data_42,data_43,data_44,data_45,data_46,data_47,data_48,data_49,data_50,data_51,data_52,data_53,data_54,data_55,data_56,data_57,data_58,data_59,data_60,data_61,data_62,data_63,data_64,data_65,data_66,data_67,data_68,data_69,data_70,data_71,data_72,data_73,data_74,data_75,data_76,data_77,data_78,data_79,data_80,data_81,data_82,data_83,data_84,data_85,data_86,data_87,data_88,data_89,data_90,data_91,data_92,data_93,data_94,data_95,data_96,data_97,data_98,data_99,data_100
-0.9834817,0.5685353,-0.48647815,1.4456496,-0.8702485,-0.892881,-0.693939,1.1279778,4.128886,-1.8367751,-1.1687244,-0.5947245,-1.5579453,-0.5531642,2.1912892,-0.4845037,-1.4977266,1.6587249,0.82124925,-2.071679,0.73860425,1.4676659,1.1905836,-0.52863514,-0.43372545,-0.54811674,-0.4978441,1.3802631,-1.4107404,1.9168915,-0.59178627,2.3634093,-1.203958,1.4424394,1.0600358,1.1705147,0.8535942,-2.0334876,1.448375,-0.57157105,1.0567524,-1.9764745,1.6557728,-1.0785373,-0.52173907,-0.8498706,-2.5698729,1.1269803,-2.958821,0.99474007,-1.3249438,-0.8515131,-0.51434606,1.5183432,-0.5411009,-2.7776165,0.6659449,0.72741413,1.9243195,-1.4813746,1.5257546,-0.5202314,-0.54005766,-1.2619392,-0.62309307,-2.0436137,0.85476214,1.0188651,-2.1346245,-1.9503832,-0.48589236,0.74027807,-0.45912468,0.671328,-0.9012201,-0.5456618,-0.72056246,-0.91096365,0.96541935,-0.62919766,0.67517114,-1.5422562,-0.8791118,-1.4687219,-0.743962,-0.58140564,-0.64342844,-1.363659,-5.2006865,1.1529944,1.8112617,-0.64339465,-0.9418648,1.2685478,1.5072927,-0.54726976,-0.52974087,-0.6796911,0.843564,-0.72591877
