data_1,data_2,data_3,data_4,data_5,data_6,data_7,data_8,data_9,data_10,data_11,data_12,data_13,data_14,data_15,data_16,data_17,data_18,data_19,data_20,data_21,data_22,data_23,data_24,data_25,data_26,data_27,data_28,data_29,data_30,data_31,data_32,data_33,data_34,data_35,data_36,data_37,data_38,data_39,data_40,data_41,data_42,data_43,data_44,data_45,data_46,data_47,data_48,data_49,data_50,data_51,data_52,data_53,data_54,data_55,data_56,data_57,data_58,data_59,data_60,data_61,data_62,data_63,data_64,data_65,data_66,data_67,data_68,data_69,data_70,data_71,data_72,data_73,data_74,data_75,data_76,data_77,data_78,data_79,data_80,data_81,data_82,data_83,data_84,data_85,data_86,data_87,data_88,data_89,data_90,data_91,data_92,data_93,data_94,data_95,data_96,data_97,data_98,data_99,data_100
1.1303468,-1.2913091,1.1723974,-1.1113068,-1.1801463,-1.1922107,1.1201197,-1.0698571,-1.1434656,-1.0643927,-1.0769304,1.3111824,-1.0901893,-1.0779991,1.1110442,-1.0821962,-1.0708414,1.2664196,1.1996465,-1.083227,1.1448939,-1.3379647,1.1893668,-1.1745201,-1.1101559,-1.1284021,-1.1125364,-1.0982056,-1.1360245,1.1431574,-1.0756276,1.1569034,1.1306015,-1.1957883,-1.080572,-1.1866273,-1.150711,-1.1016749,1.117678,-1.078273,1.0972754,-1.1799835,-1.096047,-1.0813427,-1.1232796,-1.1226854,-1.0676609,1.1746061,1.1186028,1.1988571,1.1969258,1.1102668,1.2026522,1.2218034,-1.2226534,-1.1092566,1.1151632,1.1862016,-1.2350229,-1.1145359,-1.1480182,1.313824,1.2887268,1.2037762,1.1614685,-1.085683,1.0946193,-1.1178932,-1.1818639,1.1605864,-1.1467118,-1.0821315,-1.1832578,-1.1121606,-1.1029028,-1.1432575,1.2364032,-1.3407294,-1.1830223,1.3115368,-1.115247,-1.0646266,-1.1093231,-1.0827072,-1.1227263,-1.0945067,1.1244937,-1.0963924,-1.1961024,-1.1524297,1.1206801,1.153776,-1.1888058,1.1056887,-1.1269655,1.161428,-1.1463374,1.1546874,1.1544775,-1.1069978
