data_1,data_2,data_3,data_4,data_5,data_6,data_7,data_8,data_9,data_10,data_11,data_12,data_13,data_14,data_15,data_16,data_17,data_18,data_19,data_20,data_21,data_22,data_23,data_24,data_25,data_26,data_27,data_28,data_29,data_30,data_31,data_32,data_33,data_34,data_35,data_36,data_37,data_38,data_39,data_40,data_41,data_42,data_43,data_44,data_45,data_46,data_47,data_48,data_49,data_50,data_51,data_52,data_53,data_54,data_55,data_56,data_57,data_58,data_59,data_60,data_61,data_62,data_63,data_64,data_65,data_66,data_67,data_68,data_69,data_70,data_71,data_72,data_73,data_74,data_75,data_76,data_77,data_78,data_79,data_80,data_81,data_82,data_83,data_84,data_85,data_86,data_87,data_88,data_89,data_90,data_91,data_92,data_93,data_94,data_95,data_96,data_97,data_98,data_99,data_100
-1.9944705,1.7235337,1.5850841,-1.6793998,1.626997,1.6243308,-2.1782694,-1.9133703,2.212201,1.5085404,2.0710998,-1.5233938,2.215049,1.5104179,-1.4437915,-1.4826978,1.8912079,-2.0605764,1.7376673,-2.00407,-1.615463,1.5828843,1.6727808,-1.5699105,1.4897604,-1.6915207,2.2122905,-1.5439665,2.1034982,1.8301824,1.8113817,-1.5495313,1.5488759,-1.6677979,-1.5343876,-1.9184299,1.6829975,1.6764886,-1.5876453,-1.6048506,-2.3357658,-1.5824453,1.4986616,1.5753922,-1.6605622,1.6015292,1.5381631,1.7248075,1.5832279,-1.7276261,1.7366326,-1.810495,1.5088114,1.9349967,-1.5764043,1.5453904,-1.7604073,1.5030712,-1.6782612,-1.5347542,-1.9335908,-1.54867,-1.5329635,-1.5635676,1.5791955,-1.5789253,2.030666,1.5619686,1.4387536,-1.4805362,1.7076868,1.4853271,-1.6654778,-1.8181385,1.5282869,-1.5604415,1.9821717,-1.5167193,1.4626999,-1.7053641,-2.2496452,-1.6241788,-1.9999169,1.8564887,1.7099967,-1.4989392,-2.474592,-1.5742753,-1.5350903,1.4750034,1.4780259,2.2621942,-1.5547898,1.5733514,-1.6408726,-1.5733645,-1.54705,-1.5560197,1.7982707,2.032619
