data_1,data_2,data_3,data_4,data_5,data_6,data_7,data_8,data_9,data_10,data_11,data_12,data_13,data_14,data_15,data_16,data_17,data_18,data_19,data_20,data_21,data_22,data_23,data_24,data_25,data_26,data_27,data_28,data_29,data_30,data_31,data_32,data_33,data_34,data_35,data_36,data_37,data_38,data_39,data_40,data_41,data_42,data_43,data_44,data_45,data_46,data_47,data_48,data_49,data_50,data_51,data_52,data_53,data_54,data_55,data_56,data_57,data_58,data_59,data_60,data_61,data_62,data_63,data_64,data_65,data_66,data_67,data_68,data_69,data_70,data_71,data_72,data_73,data_74,data_75,data_76,data_77,data_78,data_79,data_80,data_81,data_82,data_83,data_84,data_85,data_86,data_87,data_88,data_89,data_90,data_91,data_92,data_93,data_94,data_95,data_96,data_97,data_98,data_99,data_100
-0.34743774,-0.4466441,-0.2580195,-0.30133525,-0.27628508,-0.38642567,-0.33872578,-0.28086945,-0.66810393,-0.27915817,-0.38415563,-0.29121152,0.47326186,-0.39045274,-0.26825058,-0.37721062,0.29817986,-0.26342046,-0.29223344,-0.26784137,-0.36522433,-0.3676663,-0.33267915,-0.38270122,-0.28862357,-0.27895233,-0.2798846,-0.4183006,0.34059,-0.2508807,-0.26005688,-0.44927692,-0.2634014,-0.3067313,-0.2700772,0.6719379,-0.32036412,-0.64749306,-0.4612197,-0.25343496,0.4178104,-0.33028758,0.28090525,0.27762553,-0.28167748,-0.34178722,-0.27204987,-0.5168545,-0.25555888,-0.2663181,-0.3393172,0.43911925,-0.39196286,-0.2901442,0.3897616,-0.3585052,-0.26142117,-0.48971266,-0.25931233,0.3505364,-0.27378398,-0.30866805,-0.2598436,-0.45545933,-0.62124187,-0.33567098,-0.41118336,-0.2788083,0.39414737,0.31992272,-0.2795981,-0.32328093,-0.26584452,0.3259782,0.3284515,-0.29954872,-0.29713607,-0.2679566,-0.25990105,-0.3116764,-0.45726004,-0.4962877,-0.37077886,-0.26420975,-0.3354346,-0.3572561,-0.34807676,0.5875643,-0.359981,-0.40556368,-0.2982418,-0.2733928,-0.26284784,-0.2911999,0.30464312,-0.29844072,-0.3426332,-0.36065248,0.34068042,-0.28170413
