data_1,data_2,data_3,data_4,data_5,data_6,data_7,data_8,data_9,data_10,data_11,data_12,data_13,data_14,data_15,data_16,data_17,data_18,data_19,data_20,data_21,data_22,data_23,data_24,data_25,data_26,data_27,data_28,data_29,data_30,data_31,data_32,data_33,data_34,data_35,data_36,data_37,data_38,data_39,data_40,data_41,data_42,data_43,data_44,data_45,data_46,data_47,data_48,data_49,data_50,data_51,data_52,data_53,data_54,data_55,data_56,data_57,data_58,data_59,data_60,data_61,data_62,data_63,data_64,data_65,data_66,data_67,data_68,data_69,data_70,data_71,data_72,data_73,data_74,data_75,data_76,data_77,data_78,data_79,data_80,data_81,data_82,data_83,data_84,data_85,data_86,data_87,data_88,data_89,data_90,data_91,data_92,data_93,data_94,data_95,data_96,data_97,data_98,data_99,data_100
1.4782968,1.8659916,-1.4974983,1.5242589,1.5328034,1.9313843,1.7368369,1.5622567,1.582542,1.5122097,1.7758336,-1.8433578,-1.5744268,1.6185285,-1.5454462,1.5932997,1.5801705,1.8341552,1.7863144,-1.6265564,-2.0015686,1.6215793,-1.8242037,1.5190774,1.5413105,2.9209394,1.4712263,1.6604315,1.458613,1.6081265,1.5015421,-1.7930833,2.0149271,1.8694867,2.135844,1.4840164,1.6076726,1.5435759,1.5402615,1.6615055,1.4930068,-1.8686521,1.5088546,1.7170305,1.6655536,2.0862868,1.5318756,1.4682531,1.7509341,1.5140893,1.4757332,1.5298916,1.4571315,-1.65218,-1.5072329,1.638109,1.7631271,-1.7593304,1.6288694,1.4825438,-1.598783,-1.5774119,1.5783659,-1.7214389,1.4550916,1.7137917,1.9448363,-1.8806515,1.5261946,1.5280992,2.6714098,2.0080981,1.5741674,-2.1593738,1.6881783,1.5039968,-1.8406594,1.5681089,-1.4963689,1.5278016,1.6414372,1.4743097,-1.9078017,2.0523524,1.4811767,1.5116554,1.6909221,1.6739901,1.5852886,1.5062062,-2.061485,-1.9899062,1.4636514,-1.6278522,1.4848161,1.4894559,1.4651967,1.4922012,1.4662567,-1.8145666
