data_1,data_2,data_3,data_4,data_5,data_6,data_7,data_8,data_9,data_10
62.0,-15.107712,-30.212173,-24.25668,-10.743116,-1.9064442,0.8338869,-10.540308,-12.061872,-11.870338
