parameter_1,parameter_2,parameter_3,parameter_4,parameter_5,parameter_6,parameter_7,parameter_8,parameter_9,parameter_10
1.3223522,-2.7638059,-4.351783,-3.6982067,-1.4349567,1.0793093,1.0213846,0.5102806,-0.14845057,-1.0327876
