parameter_1,parameter_2,parameter_3,parameter_4
68.64713,58.74527,12.893137,11.953862
