data_1,data_2,data_3,data_4,data_5,data_6,data_7,data_8,data_9,data_10,data_11,data_12,data_13,data_14,data_15,data_16,data_17,data_18,data_19,data_20,data_21,data_22,data_23,data_24,data_25,data_26,data_27,data_28,data_29,data_30,data_31,data_32,data_33,data_34,data_35,data_36,data_37,data_38,data_39,data_40,data_41,data_42,data_43,data_44,data_45,data_46,data_47,data_48,data_49,data_50,data_51,data_52,data_53,data_54,data_55,data_56,data_57,data_58,data_59,data_60,data_61,data_62,data_63,data_64,data_65,data_66,data_67,data_68,data_69,data_70,data_71,data_72,data_73,data_74,data_75,data_76,data_77,data_78,data_79,data_80,data_81,data_82,data_83,data_84,data_85,data_86,data_87,data_88,data_89,data_90,data_91,data_92,data_93,data_94,data_95,data_96,data_97,data_98,data_99,data_100
-0.8360848,-0.8027618,1.0620289,0.9425713,-0.78875977,0.80132335,-0.82473373,-0.84614456,1.0186993,1.1583257,-0.8043617,-0.78368384,-0.773237,0.93505615,0.9374159,0.83735335,-0.77229744,-0.7925746,0.86080563,-0.8745688,-0.8617735,0.9670047,0.89634335,-0.97677916,0.9359641,-0.8209779,-0.79290324,0.8442676,-0.904681,0.8352061,0.82658464,0.8442088,0.8779866,0.9238641,-0.8022349,0.83764654,-0.9385662,0.89370126,-0.881354,0.85650986,0.90003717,0.89518964,-0.81985754,0.82380074,-0.9065362,-0.77079844,0.9326791,-0.8196732,-0.9647285,0.828237,-0.77820975,-0.80761045,-0.8676257,-0.7777923,1.0168055,-0.8988524,0.88859653,0.99095714,-0.7759764,1.03118,1.0865035,-0.9013533,-0.9428029,0.9698823,-0.8454006,-0.78270096,1.0082244,-0.81587756,-0.8068235,1.0804534,-0.9813028,0.9312537,0.84466034,1.0844244,-0.99587613,-1.1283288,-0.7903657,1.024154,-0.81214297,-0.78896177,0.9851349,0.9464893,1.0575886,1.001259,-0.77630275,0.9659819,0.86856323,0.8297978,-0.79804057,-0.8357728,0.88311505,-0.8037348,0.8367992,0.9641191,0.805809,0.8326284,-1.0445422,-0.92826027,-0.80141246,0.9000481
