data_1,data_2
6.521385,0.2811075
