parameter_1,parameter_2
6.775234,0.1315422
