data_1,data_2,data_3,data_4,data_5,data_6,data_7,data_8,data_9,data_10
-1.1619325,0.40415072,0.16907583,-0.9075509,-0.5899501,0.7317498,0.6526604,-0.59575146,-0.4379231,0.8628466
