parameter_1,parameter_2,parameter_3,parameter_4,parameter_5,parameter_6,parameter_7,parameter_8,parameter_9,parameter_10
-0.7995198,0.49675143,-0.0035431385,-0.43815613,-0.16744614,0.81618166,0.5373577,-0.31165457,-0.46446574,0.86274874
