data_1,data_2,data_3,data_4,data_5,data_6,data_7,data_8,data_9,data_10
-0.106687605,-0.8015651,-0.07332335,0.4009537,0.62297356,-0.18687348,0.7087778,0.1921165,0.6718195,0.097826496
