data_1,data_2
-0.25049388,0.633055
