parameter_1,parameter_2
-0.8023417,0.011640668
