data_1,data_2,data_3,data_4,data_5,data_6,data_7,data_8,data_9,data_10
0.7580714,0.6678356,1.3187509,0.8567046,1.6773362,0.63289493,0.5596249,0.5194285,0.6418671,0.72982746
