data_1,data_2,data_3,data_4,data_5,data_6,data_7,data_8,data_9,data_10
48.0,-5.8323,-27.265852,-26.20038,-13.818511,4.7686224,9.788606,-0.6567675,-11.152585,-7.287692
