parameter_1,parameter_2,parameter_3,parameter_4,parameter_5,parameter_6,parameter_7,parameter_8,parameter_9,parameter_10
-0.53303754,-1.471586,-4.111245,-3.5715873,-1.0286688,1.2121407,2.448201,1.7720679,0.23549087,-0.20387793
