data_1,data_2,data_3,data_4,data_5,data_6,data_7,data_8,data_9,data_10
-0.51168317,-0.6063886,-0.5952215,-0.39194152,-0.31107658,-0.6399673,-0.92096525,-0.52965367,-0.48723048,1.129329
