data_1,data_2,data_3,data_4,data_5,data_6,data_7,data_8,data_9,data_10
-0.76659,0.6446581,0.6906117,0.6214994,-0.6231002,0.66443926,0.5951259,0.5861081,0.59766996,-0.7492317
