data_1,data_2,data_3,data_4,data_5,data_6,data_7,data_8,data_9,data_10,data_11,data_12,data_13,data_14,data_15,data_16,data_17,data_18,data_19,data_20,data_21,data_22,data_23,data_24,data_25,data_26,data_27,data_28,data_29,data_30,data_31,data_32,data_33,data_34,data_35,data_36,data_37,data_38,data_39,data_40,data_41,data_42,data_43,data_44,data_45,data_46,data_47,data_48,data_49,data_50,data_51,data_52,data_53,data_54,data_55,data_56,data_57,data_58,data_59,data_60,data_61,data_62,data_63,data_64,data_65,data_66,data_67,data_68,data_69,data_70,data_71,data_72,data_73,data_74,data_75,data_76,data_77,data_78,data_79,data_80,data_81,data_82,data_83,data_84,data_85,data_86,data_87,data_88,data_89,data_90,data_91,data_92,data_93,data_94,data_95,data_96,data_97,data_98,data_99,data_100
-0.53593826,-0.51183707,0.79345185,0.5770041,0.8310895,-0.52393305,0.76185536,0.72311723,-0.78047436,1.2180212,0.648255,0.62632793,-0.53575605,0.5940548,-0.70454144,0.60592026,0.9590328,1.3886626,-0.7099257,0.7206564,-0.5223742,-0.58739394,0.81379324,0.7354014,0.5951255,-0.53900003,0.8342463,0.62393475,1.9124371,0.76307684,-0.5193546,0.6221213,0.6787154,-0.5477911,0.74479926,0.6589927,-0.5946013,-0.6139752,-0.8885142,-0.62482387,0.55121195,0.8057106,0.6906382,0.8038792,-0.4939325,0.58402956,1.0731037,1.0539256,-0.7008414,-0.5647625,-0.5243853,0.83375806,0.7274383,0.5419631,0.92381316,-0.6395819,0.71259665,0.82115895,0.7972375,0.8850449,0.758863,0.8514252,0.80063957,1.0591881,0.73938423,0.7336819,-0.48392707,1.1116756,0.7893916,-0.6841295,-0.52301854,0.54444283,0.72821695,0.6056134,0.76512426,-0.632967,0.6473124,0.94557756,0.689027,1.0428709,0.71444386,0.87401575,0.8050903,0.8178826,0.746583,-1.2938722,0.6073013,0.7668859,0.95172703,0.8764428,0.58286923,-0.5724672,0.844235,0.8899022,0.6756,0.637059,1.0560902,0.7390345,0.68428725,-0.63058364
