data_1,data_2,data_3,data_4,data_5,data_6,data_7,data_8,data_9,data_10,data_11,data_12,data_13,data_14,data_15,data_16,data_17,data_18,data_19,data_20,data_21,data_22,data_23,data_24,data_25,data_26,data_27,data_28,data_29,data_30,data_31,data_32,data_33,data_34,data_35,data_36,data_37,data_38,data_39,data_40,data_41,data_42,data_43,data_44,data_45,data_46,data_47,data_48,data_49,data_50,data_51,data_52,data_53,data_54,data_55,data_56,data_57,data_58,data_59,data_60,data_61,data_62,data_63,data_64,data_65,data_66,data_67,data_68,data_69,data_70,data_71,data_72,data_73,data_74,data_75,data_76,data_77,data_78,data_79,data_80,data_81,data_82,data_83,data_84,data_85,data_86,data_87,data_88,data_89,data_90,data_91,data_92,data_93,data_94,data_95,data_96,data_97,data_98,data_99,data_100
1.8642808,1.5477982,1.5115622,1.7647635,1.5667815,1.7773939,-1.8627092,1.5709671,1.5691904,1.6219252,1.767311,1.5756866,1.5157605,1.7732261,1.5700865,1.6091005,1.5171452,1.7892227,1.5719001,1.7593846,1.6309804,1.4998292,1.5772252,2.0118062,1.8679038,1.9068388,1.6601822,1.7116288,1.513184,-1.583317,1.5920054,1.6007291,1.9353684,-1.5361366,1.5046601,-1.5520059,-1.6144032,1.6685823,1.590127,1.8010557,-1.6994094,1.5549022,1.6494783,1.4935379,1.5376185,1.5985752,1.6137942,1.572918,1.7527413,1.4954846,-1.814392,1.8583888,1.5607505,1.5473261,2.085857,1.5500108,1.7407174,-1.5056087,1.5720301,1.649294,-1.5212113,1.5771927,1.635087,1.6663926,1.610538,-1.504183,1.7642066,1.5485214,-1.5062451,1.517889,1.5291274,1.5697557,1.6259099,1.6282665,1.7846724,1.61672,-1.6205812,1.9018912,1.6096715,1.6339742,1.5659516,1.613937,1.5202458,1.5652748,-1.6193376,-1.4861423,1.6140693,1.8248818,1.5289742,-1.6687781,-2.0010114,1.6608031,1.7682099,1.5885195,1.4867225,-1.8143451,-1.4968098,1.5403993,1.5090499,1.554821
