data_1,data_2,data_3,data_4,data_5,data_6,data_7,data_8,data_9,data_10,data_11,data_12,data_13,data_14,data_15,data_16,data_17,data_18,data_19,data_20,data_21,data_22,data_23,data_24,data_25,data_26,data_27,data_28,data_29,data_30,data_31,data_32,data_33,data_34,data_35,data_36,data_37,data_38,data_39,data_40,data_41,data_42,data_43,data_44,data_45,data_46,data_47,data_48,data_49,data_50,data_51,data_52,data_53,data_54,data_55,data_56,data_57,data_58,data_59,data_60,data_61,data_62,data_63,data_64,data_65,data_66,data_67,data_68,data_69,data_70,data_71,data_72,data_73,data_74,data_75,data_76,data_77,data_78,data_79,data_80,data_81,data_82,data_83,data_84,data_85,data_86,data_87,data_88,data_89,data_90,data_91,data_92,data_93,data_94,data_95,data_96,data_97,data_98,data_99,data_100
1.422141,1.1332005,1.0414565,2.062775,1.0846606,1.1619799,2.4494388,1.0978036,1.0593946,1.1382453,1.0361191,1.0769207,1.3005788,1.1932724,1.1031952,1.0356697,1.027049,1.3182629,1.2568893,1.0711329,1.752674,1.0630608,2.236023,1.2088627,1.1561687,1.1967415,1.1092292,1.3334051,1.0406834,1.103522,1.1921902,1.3241858,1.2374506,1.0597949,-1.5338331,1.4187939,1.2761878,-1.617014,1.1287061,1.0320226,1.6562237,1.1721967,1.1739547,1.1609627,1.4579455,1.68077,1.070211,1.0609937,1.1191485,-1.352678,1.0965682,1.2587224,1.3261843,1.1547927,1.2830896,1.0562962,1.4029063,1.0150571,1.2734188,1.3860434,1.0931057,1.1598107,1.324991,1.1141636,1.2403363,1.458924,1.2979804,1.0705521,1.066898,-1.7835153,1.0996653,1.0798032,1.6838229,1.3110108,-1.907559,1.1201301,1.0894737,1.0754857,1.1083872,1.0418915,1.0676961,1.1876886,1.1785072,1.1341885,-1.6647109,1.0888197,1.1483021,1.1141783,1.1377097,1.1818111,1.040188,1.4715033,1.8499515,1.0319359,1.0881624,1.4468062,1.4666833,1.2753803,1.159733,1.162467
