data_1,data_2,data_3,data_4,data_5,data_6,data_7,data_8,data_9,data_10
0.4030226,-0.7874718,0.47823936,-1.4466298,1.0304383,0.36987883,0.41743642,-0.6283107,-0.7926628,-1.3377644
