parameter_1,parameter_2,parameter_3,parameter_4,parameter_5,parameter_6,parameter_7,parameter_8,parameter_9,parameter_10
0.73016036,-0.3217839,0.7436297,-0.98562,0.5888654,0.55506134,-0.02393043,-0.34145534,-0.9468237,-0.99791837
