data_1,data_2,data_3,data_4,data_5,data_6,data_7,data_8,data_9,data_10,data_11,data_12,data_13,data_14,data_15,data_16,data_17,data_18,data_19,data_20,data_21,data_22,data_23,data_24,data_25,data_26,data_27,data_28,data_29,data_30,data_31,data_32,data_33,data_34,data_35,data_36,data_37,data_38,data_39,data_40,data_41,data_42,data_43,data_44,data_45,data_46,data_47,data_48,data_49,data_50,data_51,data_52,data_53,data_54,data_55,data_56,data_57,data_58,data_59,data_60,data_61,data_62,data_63,data_64,data_65,data_66,data_67,data_68,data_69,data_70,data_71,data_72,data_73,data_74,data_75,data_76,data_77,data_78,data_79,data_80,data_81,data_82,data_83,data_84,data_85,data_86,data_87,data_88,data_89,data_90,data_91,data_92,data_93,data_94,data_95,data_96,data_97,data_98,data_99,data_100
1.7071023,1.8973864,1.5398705,-0.6967543,0.84275275,-0.76032406,-0.6747396,-0.8811844,-0.8560576,-1.1510695,-1.6738615,-0.7111043,-0.7042394,-0.761072,0.95667535,-0.9164224,-0.94327754,-0.72671866,1.5257334,-0.7223681,-0.7961864,-0.68560696,-1.2202224,-1.0166233,-0.81455505,1.2227021,0.95693123,-0.7665649,-0.7404208,1.132202,1.295002,-1.0801417,-0.932416,-0.7149158,1.0587845,-0.9943389,-1.2639571,-1.0251575,-0.8022473,-0.904921,-0.8358461,-1.0154215,0.75502014,-0.73695314,-0.89373773,-1.0476812,-1.1493952,-1.2532804,-0.751768,-1.2451787,-1.19165,-1.1033204,0.98884493,-1.225373,-0.8470533,-0.84627575,-0.70501626,-0.94240975,0.8445426,-0.8245754,-0.75528365,-1.5917965,0.8810821,-0.7638747,-0.72804284,-0.852709,-0.80785865,1.2013724,-0.87760645,-0.7887132,-1.7611586,-0.8611991,-0.91633046,0.88883144,-0.9896469,-0.72339416,-0.72565913,-0.8094806,0.87395036,0.82811636,0.9636171,-1.447015,-0.938041,1.2526467,-0.8657823,-0.8527478,0.8787573,-0.8464473,0.8785255,-1.0596458,-0.79711473,-0.7205127,-1.010882,-0.7853968,-0.8254466,-1.7055277,0.92666924,1.1653384,1.0382135,-0.738849
