data_1,data_2,data_3,data_4,data_5,data_6,data_7,data_8,data_9,data_10,data_11,data_12,data_13,data_14,data_15,data_16,data_17,data_18,data_19,data_20,data_21,data_22,data_23,data_24,data_25,data_26,data_27,data_28,data_29,data_30,data_31,data_32,data_33,data_34,data_35,data_36,data_37,data_38,data_39,data_40,data_41,data_42,data_43,data_44,data_45,data_46,data_47,data_48,data_49,data_50,data_51,data_52,data_53,data_54,data_55,data_56,data_57,data_58,data_59,data_60,data_61,data_62,data_63,data_64,data_65,data_66,data_67,data_68,data_69,data_70,data_71,data_72,data_73,data_74,data_75,data_76,data_77,data_78,data_79,data_80,data_81,data_82,data_83,data_84,data_85,data_86,data_87,data_88,data_89,data_90,data_91,data_92,data_93,data_94,data_95,data_96,data_97,data_98,data_99,data_100
-3.130661,-1.6932613,1.4402677,-1.5982488,-1.6782936,-1.5809062,-1.720875,1.6773477,-2.1382124,-1.8638107,1.9495717,-2.932106,-1.74468,-1.8467481,-2.5352032,-2.2571106,-2.036658,-2.4114354,-2.534795,-2.0714183,-1.8785757,-2.3468945,1.7525914,-1.7172496,-2.5318854,-1.9694768,-2.0982168,-2.5967014,-1.5821755,-1.5792196,-2.0990822,-2.0124354,-1.7997483,-1.5340728,-1.9012065,1.3819954,-1.8816353,-2.3708096,-2.327305,1.5893954,-1.6811477,-2.1454532,-1.7945427,-1.8761218,-1.7446496,1.4641329,2.5793881,-2.0244772,1.6126043,-1.6121082,-2.7140493,1.7485546,-1.7071757,-2.052866,-1.6680518,-2.1091745,-1.9763526,-1.7790387,-1.8852389,-1.6186123,-1.5514467,-1.8586675,1.5354983,-2.3714113,-1.6319602,-1.6656278,-1.9639609,-1.8902879,-1.7642567,-1.8032665,-2.1520066,-1.6907195,-1.8479402,-2.004332,-1.9439931,1.6998966,-1.9698153,-2.000801,-1.6850935,-2.8216097,-1.6016748,-1.9270959,-1.6874734,-2.0413377,1.4213881,-2.1701014,-2.0186243,-2.1592577,1.3941302,-1.6547725,-2.3971786,-1.962873,1.5224833,-1.5586193,-2.4773853,-1.98858,1.4343555,-1.5951929,-2.0087101,-2.178742
