$\beta$,$\gamma$
0.7916269,0.11864327
