data_1,data_2,data_3,data_4,data_5,data_6,data_7,data_8,data_9,data_10
1.0860429,1.3129681,1.1375365,-1.2173003,1.0527778,1.2555093,1.0464333,1.0162427,1.0373449,-1.1522539
