data_1,data_2,data_3,data_4,data_5,data_6,data_7,data_8,data_9,data_10
-0.5238464,-0.3641558,-0.29538703,-0.33177763,-0.31018823,-0.29212236,0.31574684,0.30913776,0.45469365,-0.45066202
