data_1,data_2,data_3,data_4,data_5,data_6,data_7,data_8,data_9,data_10
-1.731721,-1.7057816,-1.864126,-1.9359083,-1.815926,-1.7487401,-1.7623732,-1.8509582,-1.7472825,-1.7634538
