data_1,data_2
-4.697014,-0.3752453
