parameter_1,parameter_2
-6.377127,0.018654823
