data_1,data_2,data_3,data_4,data_5,data_6,data_7,data_8,data_9,data_10
-1.993002,-1.9095448,-3.1934812,-2.2302916,-2.2583363,-2.0184891,-2.3062608,-2.0049887,-2.4959822,-1.9742411
