data_1,data_2,data_3,data_4,data_5,data_6,data_7,data_8,data_9,data_10,data_11,data_12,data_13,data_14,data_15,data_16,data_17,data_18,data_19,data_20,data_21,data_22,data_23,data_24,data_25,data_26,data_27,data_28,data_29,data_30,data_31,data_32,data_33,data_34,data_35,data_36,data_37,data_38,data_39,data_40,data_41,data_42,data_43,data_44,data_45,data_46,data_47,data_48,data_49,data_50,data_51,data_52,data_53,data_54,data_55,data_56,data_57,data_58,data_59,data_60,data_61,data_62,data_63,data_64,data_65,data_66,data_67,data_68,data_69,data_70,data_71,data_72,data_73,data_74,data_75,data_76,data_77,data_78,data_79,data_80,data_81,data_82,data_83,data_84,data_85,data_86,data_87,data_88,data_89,data_90,data_91,data_92,data_93,data_94,data_95,data_96,data_97,data_98,data_99,data_100
-2.0918887,-1.506952,-1.3392396,-2.2344716,-1.7789013,-1.7976199,-1.4444656,-1.35649,-2.1540282,-1.5407221,-1.6316532,-1.8463602,-1.4939619,-1.5932317,-1.556804,-1.8428323,-1.4348176,-2.4867828,-1.5801009,-1.7222326,2.1056633,2.3651333,-2.8341687,-1.8221235,-1.9483244,1.4823923,-1.5154946,-1.4124357,-1.9962484,-1.3094962,-1.3979344,-1.5849062,-1.7933902,-1.4557185,-1.7872093,-1.8983706,-1.5230179,-1.8681047,1.5777607,-1.4345459,-1.5746036,-1.6437132,-2.0152416,-1.7684994,-1.3835961,-1.5826099,-1.3505961,-2.2365592,-1.8827732,-1.8155723,-1.6195265,-1.3282151,-1.4280318,-1.4275026,-1.3130716,-1.788044,1.5011808,2.1462348,-2.0438027,-2.1971624,2.178847,-1.4219513,-2.2235253,-1.5586253,4.135809,-1.671845,-1.6679182,-1.9300208,1.8279377,-1.4194927,-2.4660478,-1.9512694,-1.483949,-2.1131716,2.251274,-1.687508,-1.4578879,-1.4168538,-1.3516018,-2.5452237,-1.5430967,1.8012555,-1.7481928,-1.4990684,-1.4468567,-1.4603788,-1.4003445,1.6496387,1.5756674,-1.4130858,-1.9320782,-1.4278996,-1.4173685,-1.8542672,-1.7264962,-1.3323233,-1.387012,1.4810607,1.8889735,-3.2180998
