data_1,data_2,data_3,data_4,data_5,data_6,data_7,data_8,data_9,data_10,data_11,data_12,data_13,data_14,data_15,data_16,data_17,data_18,data_19,data_20,data_21,data_22,data_23,data_24,data_25,data_26,data_27,data_28,data_29,data_30,data_31,data_32,data_33,data_34,data_35,data_36,data_37,data_38,data_39,data_40,data_41,data_42,data_43,data_44,data_45,data_46,data_47,data_48,data_49,data_50,data_51,data_52,data_53,data_54,data_55,data_56,data_57,data_58,data_59,data_60,data_61,data_62,data_63,data_64,data_65,data_66,data_67,data_68,data_69,data_70,data_71,data_72,data_73,data_74,data_75,data_76,data_77,data_78,data_79,data_80,data_81,data_82,data_83,data_84,data_85,data_86,data_87,data_88,data_89,data_90,data_91,data_92,data_93,data_94,data_95,data_96,data_97,data_98,data_99,data_100
-1.3121351,1.2430831,-1.2920644,1.4108051,1.223007,-1.2885307,1.3396044,1.2044104,1.3592474,1.2277316,-1.2559441,1.209824,1.2383782,1.322655,-1.8206211,1.288006,1.3222193,1.2158147,1.228591,1.3709912,1.2972203,1.2674775,-1.3237513,1.2692772,-1.2433355,1.2388277,1.2125188,1.3687936,1.6554184,1.2174829,1.2256737,1.2055292,-1.3350613,1.2443517,1.245498,-1.3168031,1.3410763,-1.334163,1.3060341,-1.2303631,1.467306,1.3100536,1.232057,-1.2438887,1.2215756,1.248771,1.4393551,1.3501034,1.2893915,1.2700906,1.2185394,1.2197226,-1.3182498,-1.253942,1.2026256,-1.5287783,-1.4199146,1.2643524,-1.3512217,-1.4922278,1.2183915,1.2571025,1.254851,1.2608436,1.225145,1.2457523,1.2317998,-1.3401386,-1.2416495,-1.2976495,1.2155285,1.5949378,-1.3011416,-1.3747168,-1.6345992,-1.3787193,1.2678947,1.5230287,1.2090337,1.3342922,-1.2583623,1.4439971,-1.3006748,1.2387785,1.2164317,1.4531708,1.5129279,1.2703432,-1.2678955,1.2070392,1.5688591,1.3907433,-1.504158,1.2653856,1.3075117,1.3036642,-1.4085438,1.2354227,1.4582691,1.2894236
