data_1,data_2,data_3,data_4,data_5,data_6,data_7,data_8,data_9,data_10,data_11,data_12,data_13,data_14,data_15,data_16,data_17,data_18,data_19,data_20,data_21,data_22,data_23,data_24,data_25,data_26,data_27,data_28,data_29,data_30,data_31,data_32,data_33,data_34,data_35,data_36,data_37,data_38,data_39,data_40,data_41,data_42,data_43,data_44,data_45,data_46,data_47,data_48,data_49,data_50,data_51,data_52,data_53,data_54,data_55,data_56,data_57,data_58,data_59,data_60,data_61,data_62,data_63,data_64,data_65,data_66,data_67,data_68,data_69,data_70,data_71,data_72,data_73,data_74,data_75,data_76,data_77,data_78,data_79,data_80,data_81,data_82,data_83,data_84,data_85,data_86,data_87,data_88,data_89,data_90,data_91,data_92,data_93,data_94,data_95,data_96,data_97,data_98,data_99,data_100
0.91790086,-0.87115973,0.83010995,0.8335009,-0.90576714,0.894042,-0.92306435,0.88806736,0.82846904,0.8685951,-0.90383726,0.85848176,0.8532039,0.9514748,0.86687714,0.84921145,1.0116774,0.88357854,-0.987028,0.8410388,0.8618589,0.8769258,-0.8348732,-0.90599304,0.837252,0.83724964,0.8717197,0.8220527,0.86374325,0.84211546,1.0008223,0.9704096,0.8607601,-1.0171173,0.8365851,-0.8748,-0.8685513,-0.9137667,0.9084566,1.0701386,0.85245407,0.86311877,0.880165,0.90694827,-1.0194148,0.8414726,0.88242686,0.83574885,-0.9631154,0.8760448,0.8554403,0.9737109,-0.8668793,1.0612688,1.0071418,0.85933554,0.91285217,-0.86922437,-0.95593935,0.8321026,0.9299893,0.9243011,-0.86298454,0.8834686,0.852798,0.8670002,0.84945905,1.0093477,0.8592044,0.9687136,0.9248492,-0.87706095,0.83068216,0.82772565,0.9464837,1.2292324,0.8624969,0.924165,0.85104406,0.946362,0.9540542,-0.84892887,0.85120445,-0.87178403,0.8492427,1.0366888,0.85884863,-0.9015127,-0.8711262,0.830729,0.83422655,0.91565764,-0.8595821,-0.83810544,0.840779,1.29909,0.8563381,0.93071586,0.8607057,0.82248026
