data_1,data_2,data_3,data_4,data_5,data_6,data_7,data_8,data_9,data_10
-1.3854209,-0.3747574,-0.341367,0.03359893,-0.45504212,-1.1715277,0.08152294,2.1888957,0.020954957,0.08495421
