data_1,data_2,data_3,data_4,data_5,data_6,data_7,data_8,data_9,data_10,data_11,data_12,data_13,data_14,data_15,data_16,data_17,data_18,data_19,data_20,data_21,data_22,data_23,data_24,data_25,data_26,data_27,data_28,data_29,data_30,data_31,data_32,data_33,data_34,data_35,data_36,data_37,data_38,data_39,data_40,data_41,data_42,data_43,data_44,data_45,data_46,data_47,data_48,data_49,data_50,data_51,data_52,data_53,data_54,data_55,data_56,data_57,data_58,data_59,data_60,data_61,data_62,data_63,data_64,data_65,data_66,data_67,data_68,data_69,data_70,data_71,data_72,data_73,data_74,data_75,data_76,data_77,data_78,data_79,data_80,data_81,data_82,data_83,data_84,data_85,data_86,data_87,data_88,data_89,data_90,data_91,data_92,data_93,data_94,data_95,data_96,data_97,data_98,data_99,data_100
0.452791,0.5891162,-0.638168,0.5627942,0.436204,0.6964053,0.919846,-0.71661377,0.88590354,0.5531718,0.9854968,0.4269381,0.5084862,0.5572883,-0.9332079,1.2851412,-0.7592157,-1.0748775,-1.7627672,-0.8460953,0.49059218,-1.080771,-1.2858589,-0.91496617,0.50256944,-1.5029732,-0.5540076,0.8525027,-0.7480279,-0.99133545,-0.9113638,-1.1458235,0.59463644,0.43503177,0.4818691,0.8240177,1.1688675,1.9872797,0.49413696,-0.5773534,-0.5868921,0.6099793,-0.738309,0.52922463,-1.0579017,-0.7411536,0.7597962,0.55965006,0.624851,-0.97712415,0.58736247,0.55212605,0.55043954,-1.4122897,0.5054627,-1.0641769,-1.6631006,0.91818166,-0.5979835,-0.5531479,0.8985887,0.47318986,-0.53223574,0.69941384,-0.6317354,-0.8485849,-0.9067339,0.71851426,0.6066251,1.2229606,1.0722662,-0.6284086,-0.47102353,-0.8924486,-1.4238241,0.5064921,-0.64641005,-0.45995733,0.6323916,-1.0292169,-1.1996685,-0.58122617,0.44868717,-0.4869545,0.6522318,-1.3015586,0.69813955,-0.6307382,1.0854381,2.0664275,-0.61110353,-0.7657387,-0.91389775,-0.6235999,0.8590006,-0.7129078,-0.97899985,0.46813694,-0.6766059,0.5274035
