data_1,data_2
-0.66463584,-0.42604533
