parameter_1,parameter_2
-0.43228424,-0.9955981
