data_1,data_2,data_3,data_4,data_5,data_6,data_7,data_8,data_9,data_10,data_11,data_12,data_13,data_14,data_15,data_16,data_17,data_18,data_19,data_20,data_21,data_22,data_23,data_24,data_25,data_26,data_27,data_28,data_29,data_30,data_31,data_32,data_33,data_34,data_35,data_36,data_37,data_38,data_39,data_40,data_41,data_42,data_43,data_44,data_45,data_46,data_47,data_48,data_49,data_50,data_51,data_52,data_53,data_54,data_55,data_56,data_57,data_58,data_59,data_60,data_61,data_62,data_63,data_64,data_65,data_66,data_67,data_68,data_69,data_70,data_71,data_72,data_73,data_74,data_75,data_76,data_77,data_78,data_79,data_80,data_81,data_82,data_83,data_84,data_85,data_86,data_87,data_88,data_89,data_90,data_91,data_92,data_93,data_94,data_95,data_96,data_97,data_98,data_99,data_100
0.54085356,0.52206737,-0.5563507,-0.526275,-0.61714727,0.59530246,-0.5551701,0.8342335,0.6342377,0.5299103,0.53238684,-0.47839752,-0.48431545,0.48333278,-0.4905276,0.6220365,-0.533533,0.663845,0.49030125,0.6095224,0.548211,0.4671216,0.7041836,0.53164357,0.48699585,0.5404072,0.47958598,-0.4780801,0.60119337,-0.5080044,-0.8894701,-0.50429827,0.4713239,0.5518556,0.5427337,-0.54080087,0.57911414,-0.4980795,0.5087483,0.51428264,0.4952659,-0.5923525,0.48652956,0.48039868,-0.5988307,0.61923,0.5318838,-0.48640534,-0.550514,-0.54591924,0.5692838,0.57987833,-0.51393974,-0.5152559,0.4848057,-0.55507135,-0.5414463,-0.46750197,-0.5781328,0.572104,0.4830903,-0.47419754,0.49212828,0.51781577,-0.66273326,-0.5288151,-0.48874655,0.5217463,0.5291322,-0.5922704,0.7507494,0.5158338,0.5459823,-0.6393563,0.54177594,0.59225804,0.5092527,-0.53864026,0.51680994,0.47813436,-0.5406701,0.66555744,-0.48208752,0.47145087,-0.4979991,-0.54321253,0.5675489,0.7801876,-0.488596,0.60861605,0.6198953,0.60543907,-0.6866116,-0.47306344,0.5698881,0.5574109,0.48555872,0.49157378,0.8212937,0.48266777
