data_1,data_2,data_3,data_4,data_5,data_6,data_7,data_8,data_9,data_10,data_11,data_12,data_13,data_14,data_15,data_16,data_17,data_18,data_19,data_20,data_21,data_22,data_23,data_24,data_25,data_26,data_27,data_28,data_29,data_30,data_31,data_32,data_33,data_34,data_35,data_36,data_37,data_38,data_39,data_40,data_41,data_42,data_43,data_44,data_45,data_46,data_47,data_48,data_49,data_50,data_51,data_52,data_53,data_54,data_55,data_56,data_57,data_58,data_59,data_60,data_61,data_62,data_63,data_64,data_65,data_66,data_67,data_68,data_69,data_70,data_71,data_72,data_73,data_74,data_75,data_76,data_77,data_78,data_79,data_80,data_81,data_82,data_83,data_84,data_85,data_86,data_87,data_88,data_89,data_90,data_91,data_92,data_93,data_94,data_95,data_96,data_97,data_98,data_99,data_100
0.64884144,-0.6535531,0.58131194,-0.30197614,-0.5612243,-0.66635936,-0.50358605,-0.5967399,-0.35403717,-0.2922348,-0.36814773,-0.41251904,0.27443555,-0.47725618,-0.7420026,-0.3727015,-0.40236276,-0.6950696,-0.53929734,-0.35182297,-0.740065,-0.34755093,-0.51728976,-0.43894628,-0.45293048,-0.50221664,-0.39199898,-0.5462533,-0.5265082,-0.80111426,0.37656155,0.3661923,-0.36303458,-0.5685147,-0.9691921,-0.32804143,-0.7732712,-0.35869628,-1.0570393,-0.4024056,-0.39332896,-0.32097626,-0.9793886,-0.58800125,-0.27664778,-0.41360456,-0.3983281,-0.43040726,-0.3105951,-0.42705554,-0.4700081,-0.45594063,-0.8198523,-0.5545384,-1.1700288,-0.67375904,0.28866026,-0.42950487,-0.64153576,-0.62807745,-0.5997973,-0.31208238,-0.56368464,-0.49182156,-0.45778266,-0.48575762,0.3788817,-0.3939241,-0.3940933,-0.5534847,0.29309312,-0.34109676,-0.82521486,0.29753286,-0.7640219,-0.43353322,-0.490093,-0.36692858,-1.3683451,-0.4790837,-0.37777376,-0.42240423,-0.5950044,-0.46032786,-0.6699928,-0.49176294,0.4420648,0.30272296,-0.6405122,-0.8784908,-0.5197585,0.37034127,-0.3265354,-0.3526367,0.40194687,-0.6007413,-0.6320941,-0.52916867,-0.33086684,-0.3214881
