data_1,data_2,data_3,data_4,data_5,data_6,data_7,data_8,data_9,data_10
1.7071023,1.8973864,1.5398705,-0.6967543,0.84275275,-0.76032406,-0.6747396,-0.8811844,-0.8560576,-1.1510695
