$\beta$,$\gamma$
0.3581495,0.089096606
