parameter_1,parameter_2,parameter_3,parameter_4
54.711678,26.051525,10.957878,13.282124
