data_1,data_2
7.1683364,-3.0470583
