parameter_1,parameter_2
7.3016033,-3.2178392
