data_1,data_2,data_3,data_4,data_5,data_6,data_7,data_8,data_9,data_10,data_11,data_12,data_13,data_14,data_15,data_16,data_17,data_18,data_19,data_20,data_21,data_22,data_23,data_24,data_25,data_26,data_27,data_28,data_29,data_30,data_31,data_32,data_33,data_34,data_35,data_36,data_37,data_38,data_39,data_40,data_41,data_42,data_43,data_44,data_45,data_46,data_47,data_48,data_49,data_50,data_51,data_52,data_53,data_54,data_55,data_56,data_57,data_58,data_59,data_60,data_61,data_62,data_63,data_64,data_65,data_66,data_67,data_68,data_69,data_70,data_71,data_72,data_73,data_74,data_75,data_76,data_77,data_78,data_79,data_80,data_81,data_82,data_83,data_84,data_85,data_86,data_87,data_88,data_89,data_90,data_91,data_92,data_93,data_94,data_95,data_96,data_97,data_98,data_99,data_100
0.7491226,0.97931796,0.737904,0.680667,-0.7986641,-0.708708,1.101187,-0.7121531,-0.7953783,0.69005895,-0.8998497,-0.7160577,0.86601716,0.69486284,1.0942049,0.9654038,0.71647274,1.3765365,-0.92989606,0.82933676,0.6884053,1.002088,0.7601111,0.69528085,-1.3844528,-0.8765854,-0.7947391,-0.6626828,-1.0462401,-1.0090389,-1.2604234,0.66368866,0.7176431,-0.90362835,-0.85817593,-0.64322543,-0.8032845,-0.9287421,-0.9638815,-0.7542707,1.1543696,0.77540743,0.6432753,-0.757338,-0.7558568,-0.6419302,-1.1160035,-0.8797227,-0.76193887,0.68940276,-0.6855768,-0.67169833,-0.9201376,-1.0697434,0.7582976,-0.8918906,-0.7231409,-1.1420162,-1.0140853,-0.6756044,-0.7363166,0.68445253,0.99041426,1.3342896,0.77588034,-0.7427852,0.78027785,-0.8177049,0.7766227,-1.010874,1.1603868,-0.65896314,-0.79329157,-0.94286597,-1.1949507,-0.74088717,-0.64890903,-0.8406299,-1.1500349,-0.7227585,-0.7332616,-0.8018782,-0.6917196,0.7410008,-1.6273202,-1.0203626,1.4181404,-0.64674217,-0.72597754,-1.0291678,-0.70176595,-0.80958724,1.0445068,-1.1868876,-0.7085327,-0.8319088,-0.6917478,-0.7047808,-0.7591174,-0.659687
