data_1,data_2,data_3,data_4,data_5,data_6,data_7,data_8,data_9,data_10
1.5562952,1.4191685,2.0250409,1.8027571,1.4329162,1.3981397,1.648609,-1.3896949,1.5437981,2.3468912
