data_1,data_2,data_3,data_4,data_5,data_6,data_7,data_8,data_9,data_10
-3.130661,-1.6932613,1.4402677,-1.5982488,-1.6782936,-1.5809062,-1.720875,1.6773477,-2.1382124,-1.8638107
