data_1,data_2,data_3,data_4,data_5,data_6,data_7,data_8,data_9,data_10
1.4180833,1.1761726,-1.358594,1.211896,1.1169025,1.215299,1.3105563,1.0920943,1.2511706,1.270115
