data_1,data_2
-6.806304,7.828203
