parameter_1,parameter_2
-6.1911654,8.295019
