data_1,data_2,data_3,data_4,data_5,data_6,data_7,data_8,data_9,data_10,data_11,data_12,data_13,data_14,data_15,data_16,data_17,data_18,data_19,data_20,data_21,data_22,data_23,data_24,data_25,data_26,data_27,data_28,data_29,data_30,data_31,data_32,data_33,data_34,data_35,data_36,data_37,data_38,data_39,data_40,data_41,data_42,data_43,data_44,data_45,data_46,data_47,data_48,data_49,data_50,data_51,data_52,data_53,data_54,data_55,data_56,data_57,data_58,data_59,data_60,data_61,data_62,data_63,data_64,data_65,data_66,data_67,data_68,data_69,data_70,data_71,data_72,data_73,data_74,data_75,data_76,data_77,data_78,data_79,data_80,data_81,data_82,data_83,data_84,data_85,data_86,data_87,data_88,data_89,data_90,data_91,data_92,data_93,data_94,data_95,data_96,data_97,data_98,data_99,data_100
2.3612196,2.2072184,1.93591,2.13458,2.0268645,1.8447773,2.288664,2.290632,-2.2850704,2.0928822,1.9486263,1.8120983,2.0301936,2.210882,2.0315654,1.8515986,2.0160444,2.0402687,2.0166433,2.0257852,2.0993223,1.8637819,1.9081297,2.1955516,1.957826,1.875174,1.8509634,1.958021,-1.8906485,1.813065,2.681125,-2.1027408,2.4616995,1.9479042,1.8799359,1.7827387,1.9642547,1.983453,2.7312083,1.9551597,2.1811361,2.101181,-1.9441133,1.9006797,-1.9927675,1.9912639,2.0791092,2.2605796,2.206753,-1.8432778,2.5278976,1.7938209,2.1151762,2.3986533,1.9845853,-1.876343,2.2937357,1.7608327,2.6440961,2.8076653,2.238322,-2.033012,1.9327352,-2.1214495,1.876705,2.0342395,2.2047331,1.7644829,1.8082126,1.8206533,2.109881,1.9833267,1.8492017,2.4702127,2.0366874,1.7738665,1.9377502,2.2394407,2.2014592,-1.9227378,1.9317613,2.055766,-1.7795482,1.9136885,1.9865345,1.8276016,-2.1083643,2.4535942,1.8948418,1.805071,1.9816729,-2.5779195,1.9541059,1.8789696,2.1221948,1.817247,1.8735621,1.8224282,1.9830737,1.9176524
