data_1,data_2,data_3,data_4,data_5,data_6,data_7,data_8,data_9,data_10,data_11,data_12,data_13,data_14,data_15,data_16,data_17,data_18,data_19,data_20
29.817589,15.506567,3.1521552,5.370312,11.032685,25.982658,10.994634,2.7282712,6.0364275,13.030881,0.9317687,55.62827,10.093268,1.1273358,0.35653123,1.127195,41.040802,8.807568,1.0806826,0.3567817
