$\alpha$,$\beta$,$\gamma$,$\delta$
0.43880925,0.04499132,1.3667454,0.09482003
