data_1,data_2,data_3,data_4,data_5,data_6,data_7,data_8,data_9,data_10
1.0261493,0.9579697,1.0093259,0.8787624,1.3703403,0.8923759,0.9731217,0.87623054,1.0281727,0.98663586
