data_1,data_2,data_3,data_4,data_5,data_6,data_7,data_8,data_9,data_10
-2.4473517,-2.4309378,-2.6273885,-2.0606098,1.9478,-2.293651,-2.0320897,-2.450511,-2.6567492,-2.8070574
