data_1,data_2,data_3,data_4,data_5,data_6,data_7,data_8,data_9,data_10,data_11,data_12,data_13,data_14,data_15,data_16,data_17,data_18,data_19,data_20,data_21,data_22,data_23,data_24,data_25,data_26,data_27,data_28,data_29,data_30,data_31,data_32,data_33,data_34,data_35,data_36,data_37,data_38,data_39,data_40,data_41,data_42,data_43,data_44,data_45,data_46,data_47,data_48,data_49,data_50,data_51,data_52,data_53,data_54,data_55,data_56,data_57,data_58,data_59,data_60,data_61,data_62,data_63,data_64,data_65,data_66,data_67,data_68,data_69,data_70,data_71,data_72,data_73,data_74,data_75,data_76,data_77,data_78,data_79,data_80,data_81,data_82,data_83,data_84,data_85,data_86,data_87,data_88,data_89,data_90,data_91,data_92,data_93,data_94,data_95,data_96,data_97,data_98,data_99,data_100
-1.0609269,-1.6444184,-1.1036254,-1.1388892,-1.7721984,-1.1023169,-1.0905958,-1.2152247,1.3154453,-1.1021259,-1.0798833,-1.6562126,-1.482345,1.9903362,-1.1582941,-1.6985025,-1.1015506,-1.0592561,-1.5882939,1.283279,-2.8604622,-1.2595047,-1.0315197,-1.0684305,-1.6816274,-1.084147,-1.0614231,-1.1731088,-1.0756813,1.5186863,-1.3763385,-1.4836503,-1.3252165,1.4560992,1.3078738,-1.0468459,1.267838,-1.1700983,1.9577266,-1.16433,-1.0467695,-1.2459769,-1.145149,-1.0428301,-2.0614893,-1.2673825,1.2647643,-1.1945857,1.6380798,-1.0609139,-1.3621191,-1.1493381,1.272441,-1.2761766,1.581426,1.2808696,-1.0552421,-1.0533335,-1.0513672,-1.1439403,2.2996335,-1.0665591,1.1419094,-1.105949,-1.0505164,-1.0913855,-1.0479858,1.2792329,-1.1485534,-1.1537606,-1.170699,1.1714525,1.2359031,-1.1946946,1.1401122,-1.0832713,-1.1780521,-1.0807189,1.3679214,-1.1237502,1.573345,1.3758106,-1.092762,-1.5477909,1.2144308,-1.1133901,-1.0778233,-1.1198221,1.2361672,1.5475295,-1.1265619,1.1411896,-1.0700142,1.3602929,1.3767277,1.2183555,1.2483842,-1.1485771,-1.0990751,-1.0760825
