data_1,data_2,data_3,data_4,data_5,data_6,data_7,data_8,data_9,data_10
1.2418162,1.3669723,1.3768651,1.2703165,1.231308,1.5141721,1.3878791,-1.1899683,1.7770133,1.2250943
