data_1,data_2,data_3,data_4,data_5,data_6,data_7,data_8,data_9,data_10
-0.53593826,-0.51183707,0.79345185,0.5770041,0.8310895,-0.52393305,0.76185536,0.72311723,-0.78047436,1.2180212
