data_1,data_2,data_3,data_4,data_5,data_6,data_7,data_8,data_9,data_10,data_11,data_12,data_13,data_14,data_15,data_16,data_17,data_18,data_19,data_20,data_21,data_22,data_23,data_24,data_25,data_26,data_27,data_28,data_29,data_30,data_31,data_32,data_33,data_34,data_35,data_36,data_37,data_38,data_39,data_40,data_41,data_42,data_43,data_44,data_45,data_46,data_47,data_48,data_49,data_50,data_51,data_52,data_53,data_54,data_55,data_56,data_57,data_58,data_59,data_60,data_61,data_62,data_63,data_64,data_65,data_66,data_67,data_68,data_69,data_70,data_71,data_72,data_73,data_74,data_75,data_76,data_77,data_78,data_79,data_80,data_81,data_82,data_83,data_84,data_85,data_86,data_87,data_88,data_89,data_90,data_91,data_92,data_93,data_94,data_95,data_96,data_97,data_98,data_99,data_100
1.2108014,1.2920417,-1.3320433,-1.2073594,1.2165207,1.4004741,1.1981816,-1.3060887,1.3200389,1.3785334,1.1979965,1.2021333,1.2536553,1.2244686,1.2786119,1.2539942,1.4299911,1.2395787,1.3129463,1.2408136,1.5930866,1.6179279,1.490853,1.5431324,1.323882,1.2661077,-1.6127446,1.2044138,1.4276559,1.3256435,1.3160763,1.2281015,1.2222733,1.288274,1.5558556,1.2965503,1.2587724,1.2302527,1.8194352,1.2901479,-1.4707125,-1.3564385,1.217391,1.2235274,1.295162,1.692878,1.2833931,-1.3267924,1.4597112,-1.2227641,1.4437968,1.2251189,1.6237516,1.2455409,1.2561587,1.1952927,1.3050352,1.3488977,1.2707105,1.3438995,1.3627822,1.4598641,1.3205894,1.3127214,1.4706402,1.3760173,1.2249405,1.2044204,-1.198641,1.5481205,1.3004816,1.4074136,1.4372103,-1.3610393,1.4713655,1.2797791,1.3876152,1.4349447,-1.3354839,-1.2866336,1.2748282,1.48731,1.4003893,1.2356068,1.3210299,1.2193415,1.2874627,1.2197245,1.2898226,1.2230698,1.2978526,1.2444702,-1.240021,1.3514245,1.3660164,1.2575905,-1.3837724,1.2073766,1.2803062,1.4352101
