data_1,data_2,data_3,data_4,data_5,data_6,data_7,data_8,data_9,data_10
0.7491226,0.97931796,0.737904,0.680667,-0.7986641,-0.708708,1.101187,-0.7121531,-0.7953783,0.69005895
