data_1,data_2,data_3,data_4,data_5,data_6,data_7,data_8,data_9,data_10
-0.76226383,-1.0096009,0.8670077,0.8233824,0.96921915,-0.6477523,-0.7235447,-0.9018093,-0.5671424,0.740656
