data_1,data_2,data_3,data_4,data_5,data_6,data_7,data_8,data_9,data_10
1.0703689,1.1012689,1.2591095,2.1757848,1.1086992,1.5185661,1.2321044,1.2890017,-1.1047559,1.0903069
