data_1,data_2,data_3,data_4,data_5,data_6,data_7,data_8,data_9,data_10
-1.0291167,-1.3861225,-1.0594599,-2.3844538,-1.0149552,-0.9827414,-2.309286,-1.1605041,1.1030934,-1.1635566
