data_1,data_2,data_3,data_4,data_5,data_6,data_7,data_8,data_9,data_10,data_11,data_12,data_13,data_14,data_15,data_16,data_17,data_18,data_19,data_20,data_21,data_22,data_23,data_24,data_25,data_26,data_27,data_28,data_29,data_30,data_31,data_32,data_33,data_34,data_35,data_36,data_37,data_38,data_39,data_40,data_41,data_42,data_43,data_44,data_45,data_46,data_47,data_48,data_49,data_50,data_51,data_52,data_53,data_54,data_55,data_56,data_57,data_58,data_59,data_60,data_61,data_62,data_63,data_64,data_65,data_66,data_67,data_68,data_69,data_70,data_71,data_72,data_73,data_74,data_75,data_76,data_77,data_78,data_79,data_80,data_81,data_82,data_83,data_84,data_85,data_86,data_87,data_88,data_89,data_90,data_91,data_92,data_93,data_94,data_95,data_96,data_97,data_98,data_99,data_100
14.407439,-10.812097,2.2309306,-5.4297543,4.2793517,3.4567754,-1.3481327,-26.965765,29.695698,-19.778982,23.862234,11.714903,2.9614422,-12.832568,5.320786,-3.3438942,2.4036794,4.4732103,7.931068,-5.2474966,-13.817955,-3.2097385,1.3710914,1.8363019,12.869338,11.181259,24.826464,45.37694,-19.648691,-42.23352,9.812779,17.326082,37.053284,-2.39026,-7.917448,22.205,37.26461,11.293298,12.766702,25.342646,-3.4362285,-22.826982,2.013802,5.654297,22.897846,3.9024029,-10.304936,37.722713,14.938919,-23.776703,1.2058731,-28.351347,-0.20114672,-5.9189305,5.633725,-27.21171,-20.199833,-1.8553171,-54.51703,-42.897057,4.1394343,-31.706167,-9.22986,-2.4998558,-7.5201235,-12.223026,49.546238,-2.4391632,-19.377865,8.239337,28.334137,7.902959,43.149296,11.049454,-22.725088,-27.940657,-6.482102,-9.211084,-9.572256,-23.245228,3.86971,11.001763,-32.567204,30.464624,-22.641977,-7.708512,-6.98582,-3.582195,17.173512,21.758636,-3.0089793,18.340895,20.476019,2.1799538,26.07493,35.558117,20.630161,-18.630592,-21.445728,-1.8297123
