data_1,data_2,data_3,data_4,data_5,data_6,data_7,data_8
1.3710914,-2.39026,1.8363019,-2.4391632,2.013802,-3.2097385,2.4036794,-3.0089793
