parameter_1,parameter_2,parameter_3,parameter_4,parameter_5
2.1795692,-2.984069,0.9612086,-0.9602599,-2.1850324
