data_1,data_2,data_3,data_4,data_5,data_6,data_7,data_8,data_9,data_10
0.9052958,-0.9785105,-0.9018156,-0.917322,-1.1082493,-0.8370932,-1.1260725,-0.8545545,-0.81580526,-0.8962732
