data_1,data_2,data_3,data_4,data_5,data_6,data_7,data_8,data_9,data_10,data_11,data_12,data_13,data_14,data_15,data_16,data_17,data_18,data_19,data_20,data_21,data_22,data_23,data_24,data_25,data_26,data_27,data_28,data_29,data_30,data_31,data_32,data_33,data_34,data_35,data_36,data_37,data_38,data_39,data_40,data_41,data_42,data_43,data_44,data_45,data_46,data_47,data_48,data_49,data_50,data_51,data_52,data_53,data_54,data_55,data_56,data_57,data_58,data_59,data_60,data_61,data_62,data_63,data_64,data_65,data_66,data_67,data_68,data_69,data_70,data_71,data_72,data_73,data_74,data_75,data_76,data_77,data_78,data_79,data_80,data_81,data_82,data_83,data_84,data_85,data_86,data_87,data_88,data_89,data_90,data_91,data_92,data_93,data_94,data_95,data_96,data_97,data_98,data_99,data_100
2.1604874,-2.3712723,2.2741508,-2.0932474,2.2275925,2.31098,2.0686867,2.1639972,1.9220165,2.3124552,2.6690574,2.9323285,3.4063468,3.4826303,2.0754333,3.8512127,2.2634394,1.8819741,1.9561046,-2.2159255,-2.4919217,2.1068668,3.1117349,2.0120347,2.0076938,-2.1049714,1.9961021,2.5777187,2.5568814,1.8465004,2.1079087,2.0630298,2.1568696,2.3909698,2.2021196,1.9377607,2.8296142,2.2787158,2.6605558,1.8779484,2.6814222,3.2196498,-2.4153123,2.5471072,1.8993366,2.3172786,2.3797693,2.2046578,2.2788188,2.1692555,3.2616193,2.408246,2.6211007,2.116811,2.9281008,3.2056203,3.0810862,2.4251544,1.8766251,2.8365507,2.1944065,2.6230385,2.1103218,2.6597648,2.5608702,2.1606505,2.2065752,3.2116554,1.9058096,2.2019749,2.5134609,1.9982257,-1.8917735,2.6287284,2.3615558,2.0655766,2.4110365,2.1339326,2.436712,2.5158923,2.3851876,2.5736122,2.420596,2.2502425,3.237102,2.703053,1.963434,3.0126212,3.0220973,2.2876666,3.4136996,2.3557124,2.3535903,2.2991254,1.9958317,2.0996451,1.9206232,2.0408602,2.284206,2.2919476
