parameter_1,parameter_2,parameter_3,parameter_4
25.929749,50.34922,12.468919,10.614427
