parameter_1,parameter_2,parameter_3,parameter_4
58.448837,21.381413,1.0121306,7.151853
