data_1,data_2,data_3,data_4,data_5,data_6,data_7,data_8,data_9,data_10
70.0,-18.379759,-3.2214384,9.569014,-4.213012,-13.766996,-17.722048,-7.3950114,-0.93676627,-9.600464
