parameter_1,parameter_2,parameter_3,parameter_4,parameter_5,parameter_6,parameter_7,parameter_8,parameter_9,parameter_10
0.9557315,-0.45252424,0.2230644,1.1053731,0.27189425,-0.3588547,-0.67226106,-0.20649126,0.30662614,-0.43641734
