data_1,data_2,data_3,data_4,data_5,data_6,data_7,data_8,data_9,data_10,data_11,data_12,data_13,data_14,data_15,data_16,data_17,data_18,data_19,data_20,data_21,data_22,data_23,data_24,data_25,data_26,data_27,data_28,data_29,data_30,data_31,data_32,data_33,data_34,data_35,data_36,data_37,data_38,data_39,data_40,data_41,data_42,data_43,data_44,data_45,data_46,data_47,data_48,data_49,data_50,data_51,data_52,data_53,data_54,data_55,data_56,data_57,data_58,data_59,data_60,data_61,data_62,data_63,data_64,data_65,data_66,data_67,data_68,data_69,data_70,data_71,data_72,data_73,data_74,data_75,data_76,data_77,data_78,data_79,data_80,data_81,data_82,data_83,data_84,data_85,data_86,data_87,data_88,data_89,data_90,data_91,data_92,data_93,data_94,data_95,data_96,data_97,data_98,data_99,data_100
-1.2568742,1.1099856,-2.0606968,2.2575402,1.2248707,1.5038263,1.0686595,1.955635,1.1522833,-1.2538588,0.8923552,1.2412415,1.3119532,1.0209577,1.1783675,2.321467,1.1600037,1.6008875,0.986781,-1.4438791,1.5814646,1.4093425,1.0971637,1.0702871,1.0363398,0.93010736,1.5155559,1.1058493,1.1312472,1.0929905,1.0478171,1.0790585,-1.4486625,0.9419065,1.3510792,0.9786686,-1.1966136,1.2192017,1.0582799,1.300851,1.0351917,1.6348169,0.9530505,0.9231991,-1.4270198,1.4912418,1.0029738,1.3830239,-1.0269792,1.7651527,1.3846731,1.1280507,1.7853887,0.9879547,1.3480544,1.1029937,1.2354819,1.2450088,1.5051162,1.0720592,2.3628821,1.2218438,1.7966511,1.2230747,0.9809369,0.9591111,1.2485069,1.9801173,0.95016736,1.0751333,-1.0537338,1.0263412,1.4802681,1.2765406,0.9055967,0.9973852,1.3910031,1.0809314,1.6356515,1.052061,-1.8253717,1.2761179,1.05052,1.0162219,1.1229469,0.9605021,-2.5152292,1.0591129,0.9584633,1.4696174,1.3697534,1.0216074,0.97878766,1.267051,1.900821,1.450971,1.6359769,1.0744476,1.5481986,1.7808858
