data_1,data_2,data_3,data_4,data_5,data_6,data_7,data_8,data_9,data_10,data_11,data_12,data_13,data_14,data_15,data_16,data_17,data_18,data_19,data_20,data_21,data_22,data_23,data_24,data_25,data_26,data_27,data_28,data_29,data_30,data_31,data_32,data_33,data_34,data_35,data_36,data_37,data_38,data_39,data_40,data_41,data_42,data_43,data_44,data_45,data_46,data_47,data_48,data_49,data_50,data_51,data_52,data_53,data_54,data_55,data_56,data_57,data_58,data_59,data_60,data_61,data_62,data_63,data_64,data_65,data_66,data_67,data_68,data_69,data_70,data_71,data_72,data_73,data_74,data_75,data_76,data_77,data_78,data_79,data_80,data_81,data_82,data_83,data_84,data_85,data_86,data_87,data_88,data_89,data_90,data_91,data_92,data_93,data_94,data_95,data_96,data_97,data_98,data_99,data_100
-1.6575036,-1.6682351,-1.838573,-1.760857,-1.9541153,1.8181595,-2.1535153,-2.001639,-1.7497189,-1.871111,-1.7048062,-1.7081156,-1.8381488,-1.7355006,-2.0075672,-1.678044,-1.6582668,-1.9458587,-2.3367088,-1.938345,-1.8668586,-1.7101088,-1.8898807,-1.9800581,-1.9470437,-1.6986136,-1.9759772,-1.7503806,-1.7400951,-1.654162,-2.0082862,-1.786652,-1.8604945,-1.7126637,-1.6989737,-1.7375242,-1.7503879,-1.6690813,-1.6592021,-1.9824561,-1.6512182,-1.9970398,-1.9776291,-1.7348387,-1.7553031,2.1760108,-2.0667863,-2.1205907,-1.6513399,-1.797221,-1.8294177,-1.9706825,-1.8117884,-1.6571398,1.7149966,1.795007,-1.656575,-1.6347948,-1.6540872,-1.7332581,-2.1006858,-1.9553363,-1.8533244,-1.862824,-1.7935658,-1.7514694,-1.9377213,-1.6798006,-1.6980189,-2.1809669,-1.6879098,-1.8263811,-2.1546242,-1.6997826,-1.8597059,-2.3939376,-1.7289813,-1.6921287,-2.5902104,-1.8283893,-1.7193445,-2.1304867,-1.7439438,-1.7231269,-1.851499,-2.024401,-1.6834383,-2.0419626,-1.892143,-2.064677,-1.8720871,-1.6596551,-2.5337467,-1.6898052,-1.6467915,-1.7245685,-1.7796744,-2.1039882,-1.8002355,-2.1285174
