data_1,data_2,data_3,data_4,data_5,data_6,data_7,data_8,data_9,data_10
2.477558,1.9975318,-1.1425729,-1.3169233,1.2991016,1.4087648,-2.499304,1.7964063,1.9107747,-1.1365993
