data_1,data_2,data_3,data_4,data_5,data_6,data_7,data_8,data_9,data_10
0.019115955,-0.4197468,0.98860306,-0.6720742,-1.2154121,-0.11650029,0.35099706,-0.16472842,0.08806163,1.239455
