parameter_1,parameter_2,parameter_3,parameter_4,parameter_5,parameter_6,parameter_7,parameter_8,parameter_9,parameter_10
-0.28899693,-0.8759459,0.95357263,-0.6195792,-0.9145992,0.18952191,0.3366685,0.027963042,-0.57398486,0.36814296
