data_1,data_2,data_3,data_4,data_5,data_6,data_7,data_8,data_9,data_10,data_11,data_12,data_13,data_14,data_15,data_16,data_17,data_18,data_19,data_20,data_21,data_22,data_23,data_24,data_25,data_26,data_27,data_28,data_29,data_30,data_31,data_32,data_33,data_34,data_35,data_36,data_37,data_38,data_39,data_40,data_41,data_42,data_43,data_44,data_45,data_46,data_47,data_48,data_49,data_50,data_51,data_52,data_53,data_54,data_55,data_56,data_57,data_58,data_59,data_60,data_61,data_62,data_63,data_64,data_65,data_66,data_67,data_68,data_69,data_70,data_71,data_72,data_73,data_74,data_75,data_76,data_77,data_78,data_79,data_80,data_81,data_82,data_83,data_84,data_85,data_86,data_87,data_88,data_89,data_90,data_91,data_92,data_93,data_94,data_95,data_96,data_97,data_98,data_99,data_100
1.8589149,1.4143975,-1.6805562,1.2960047,1.8806473,1.9704329,1.3757651,1.2707592,1.2968506,1.3475603,-1.5609205,-2.7065222,1.5815269,1.293032,1.6417499,-1.8839997,-2.6863675,1.3243154,1.2588842,-1.3709189,-1.6657805,1.3640789,1.4270297,-1.5318592,2.7325563,1.5530733,1.302663,-2.970801,2.0472941,-1.4589893,1.6334754,1.2644161,1.7713941,1.4008106,2.3374405,1.3639332,1.593855,1.4660203,1.3784052,1.8993769,1.4491946,-1.6641659,-1.3853881,-1.799506,2.0060902,-1.7690291,1.4593849,1.4515553,1.581719,1.414689,1.4118217,1.7023482,1.316204,1.4562496,-1.6739461,1.7552187,1.6894875,1.694614,1.4173489,1.5290616,1.9750689,1.3341357,1.3268845,1.6486559,1.4433367,1.6019886,-1.8775089,1.9556228,-1.4020447,-1.4827342,1.4974122,1.8611339,1.3917379,1.3027052,-2.173458,-1.8395526,-2.4037488,1.7632433,1.3018255,-2.784589,-2.1218708,1.6417259,1.340661,1.3760902,-2.2955117,2.2788951,1.3483189,1.47165,-1.5147253,1.2815324,-1.4116503,1.312293,1.48378,1.9463698,1.3513105,1.8136109,1.4739137,-1.8464519,-1.8585441,1.3419782
