data_1,data_2,data_3,data_4,data_5,data_6,data_7,data_8,data_9,data_10
0.26986307,-0.8764679,-0.80710757,-0.62243676,-0.29644397,0.18969943,-1.2106322,0.080149904,-0.05710575,-0.6485255
