parameter_1,parameter_2,parameter_3,parameter_4,parameter_5,parameter_6,parameter_7,parameter_8,parameter_9,parameter_10
0.21707824,-0.8317063,-0.07557733,-0.4370258,-0.14421989,0.32103,-0.50172037,0.28485256,-0.35796782,-0.70275885
