data_1,data_2,data_3,data_4,data_5,data_6,data_7,data_8,data_9,data_10,data_11,data_12,data_13,data_14,data_15,data_16,data_17,data_18,data_19,data_20,data_21,data_22,data_23,data_24,data_25,data_26,data_27,data_28,data_29,data_30,data_31,data_32,data_33,data_34,data_35,data_36,data_37,data_38,data_39,data_40,data_41,data_42,data_43,data_44,data_45,data_46,data_47,data_48,data_49,data_50,data_51,data_52,data_53,data_54,data_55,data_56,data_57,data_58,data_59,data_60,data_61,data_62,data_63,data_64,data_65,data_66,data_67,data_68,data_69,data_70,data_71,data_72,data_73,data_74,data_75,data_76,data_77,data_78,data_79,data_80,data_81,data_82,data_83,data_84,data_85,data_86,data_87,data_88,data_89,data_90,data_91,data_92,data_93,data_94,data_95,data_96,data_97,data_98,data_99,data_100
0.90114164,0.92175764,-0.934306,-0.89943033,0.8637066,-0.88578653,0.9253109,-1.0658334,-0.94418025,0.9497779,-1.1610832,-1.0898839,-0.8936353,-0.9194321,-0.98329085,0.87076586,0.97730786,0.9019024,1.1368746,-0.9907466,-1.2333071,-0.9764824,-0.86746866,0.8841464,-1.1344355,-0.93844754,-0.9350209,0.92664635,0.8659323,1.0548612,0.9257758,-0.97062254,0.8825086,1.238638,0.8541088,0.85778207,0.91793513,-1.0484202,-1.0384481,-0.9533396,-1.0029664,-0.8763765,0.9294091,0.88506186,1.1098721,-0.95104265,0.9133174,0.8828881,-0.89237756,-0.9973918,0.92454463,-1.4037954,-1.2808242,1.1218851,-1.018434,0.867663,1.0266591,0.8777998,0.8483806,-1.114936,1.1428055,-1.0693362,0.84954506,-1.1029724,1.3121713,-0.8767318,-1.0411952,-1.0554179,-0.94446725,-0.9209659,-1.1720695,-1.0687125,0.94335365,-1.115467,1.107862,-1.0365263,-1.1407858,0.8583534,-1.0646572,-0.92110693,-0.9158322,0.91549915,1.1238993,-1.083389,0.87429017,0.99254715,-0.9474223,-0.97892976,-1.0953556,0.87420124,0.8399267,1.0403981,-1.2173022,1.1479157,0.8880397,-0.9744929,0.8711097,1.0005562,1.0039446,0.8679849
