data_1,data_2,data_3,data_4,data_5,data_6,data_7,data_8,data_9,data_10
-0.34743774,-0.4466441,-0.2580195,-0.30133525,-0.27628508,-0.38642567,-0.33872578,-0.28086945,-0.66810393,-0.27915817
