data_1,data_2
0.19458583,1.0400153
