parameter_1,parameter_2
-0.61911654,0.829502
