data_1,data_2
-0.12940255,0.3873573
