parameter_1,parameter_2
-0.6377127,0.0018655062
