data_1,data_2,data_3,data_4,data_5,data_6,data_7,data_8,data_9,data_10,data_11,data_12,data_13,data_14,data_15,data_16,data_17,data_18,data_19,data_20
26.375969,10.00587,0.46458986,1.0231221,2.9365437,13.418705,45.03133,1.2797804,0.43632022,1.2086525,1.1953989,85.6066,19.933725,3.4923358,0.6696986,0.35036916,4.0667734,67.524956,10.4169235,2.0505736
