$\alpha$,$\beta$,$\gamma$,$\delta$
0.686338,0.043437023,0.8529815,0.07845861
