data_1,data_2,data_3,data_4,data_5,data_6,data_7,data_8,data_9,data_10,data_11,data_12,data_13,data_14,data_15,data_16,data_17,data_18,data_19,data_20,data_21,data_22,data_23,data_24,data_25,data_26,data_27,data_28,data_29,data_30,data_31,data_32,data_33,data_34,data_35,data_36,data_37,data_38,data_39,data_40,data_41,data_42,data_43,data_44,data_45,data_46,data_47,data_48,data_49,data_50,data_51,data_52,data_53,data_54,data_55,data_56,data_57,data_58,data_59,data_60,data_61,data_62,data_63,data_64,data_65,data_66,data_67,data_68,data_69,data_70,data_71,data_72,data_73,data_74,data_75,data_76,data_77,data_78,data_79,data_80,data_81,data_82,data_83,data_84,data_85,data_86,data_87,data_88,data_89,data_90,data_91,data_92,data_93,data_94,data_95,data_96,data_97,data_98,data_99,data_100
1.265265,1.3954611,-1.6433259,-1.7997096,-1.275659,-1.4352331,1.4546757,1.5770701,1.6206347,1.3238575,1.286073,-1.9665724,-1.2893608,-1.3276515,-1.3517324,1.3219371,-1.3737415,-1.3462083,-1.4322333,-1.2604128,-1.2198437,-1.5997585,-1.7010951,-1.9013612,-1.4248263,1.5914352,1.2675264,-1.3387723,1.3758507,1.3696241,-1.3872116,-1.9785684,-1.4712666,-1.4974585,-1.8342636,-1.3177421,1.5281123,-1.7001323,1.4272324,-1.9211333,-2.0737545,1.2832435,-1.6598376,-1.535934,-1.4927682,-1.3865979,1.7852535,-1.3665968,1.4745429,-1.4577783,1.8400658,-1.2725607,-1.3413988,1.6297089,-1.2596354,-1.6441288,1.4950591,1.6838547,1.4463093,1.4014099,1.3076386,-1.2579379,-1.68772,-1.8282322,1.5247456,-1.385799,-1.4470059,-1.2877766,-1.3743379,1.2652177,1.7082715,-1.3891753,2.5531287,1.6112388,-1.3494099,-1.4312971,1.3008306,-1.5919366,-1.4935747,-1.5591706,1.7981085,1.3953483,1.3342338,1.7346829,1.87854,-1.5007151,-3.1461031,-1.2718858,-1.3113344,-1.2761637,-1.5610013,-1.3216465,-1.2329532,1.4807355,1.5895691,1.4997017,-2.3228753,-1.6223314,-1.3167664,-1.3467265
