data_1,data_2,data_3,data_4,data_5,data_6,data_7,data_8,data_9,data_10,data_11,data_12,data_13,data_14,data_15,data_16,data_17,data_18,data_19,data_20,data_21,data_22,data_23,data_24,data_25,data_26,data_27,data_28,data_29,data_30,data_31,data_32,data_33,data_34,data_35,data_36,data_37,data_38,data_39,data_40,data_41,data_42,data_43,data_44,data_45,data_46,data_47,data_48,data_49,data_50,data_51,data_52,data_53,data_54,data_55,data_56,data_57,data_58,data_59,data_60,data_61,data_62,data_63,data_64,data_65,data_66,data_67,data_68,data_69,data_70,data_71,data_72,data_73,data_74,data_75,data_76,data_77,data_78,data_79,data_80,data_81,data_82,data_83,data_84,data_85,data_86,data_87,data_88,data_89,data_90,data_91,data_92,data_93,data_94,data_95,data_96,data_97,data_98,data_99,data_100
0.79570556,1.2891443,-0.7616638,1.5454797,0.9959465,0.55420965,0.9564872,1.6819593,0.82198954,1.0541707,-0.6255271,-0.70007706,0.47171232,0.5165328,1.7171065,0.5963217,-0.5871754,0.5226477,0.6155439,0.66435516,0.6116979,0.52697283,0.56592983,0.8047926,0.5780456,0.9894181,0.77965266,0.937601,0.5937988,0.6681145,0.61438346,-1.0486981,0.6802616,0.9012333,0.49505535,0.5344853,0.50736207,1.3322494,1.9312645,0.50533545,0.74001837,0.9220376,1.5281603,0.74596727,0.60881793,0.5656113,0.97971976,0.9216865,0.8479277,-0.7389381,1.7400365,0.69564813,1.3028721,1.7893217,0.48124674,0.4964843,0.51708984,1.6058173,0.7527325,0.97318536,0.80240417,0.51898533,0.5438258,0.596114,0.46617693,0.63057286,0.7330921,0.6258459,1.6743187,-0.99311435,0.9796663,0.505304,0.4628397,0.5375489,1.1768682,0.47731775,0.7312544,0.62223136,-0.5514858,0.78366303,-1.4525039,0.84165657,0.84373385,0.6926212,0.834827,1.8053356,1.1314557,0.96016324,1.211332,1.8671647,1.2346687,0.4964561,0.57685107,1.0700113,1.3678029,0.6701253,0.5235026,0.68614817,0.6819313,0.74560934
