data_1,data_2,data_3,data_4,data_5,data_6,data_7,data_8,data_9,data_10,data_11,data_12,data_13,data_14,data_15,data_16,data_17,data_18,data_19,data_20,data_21,data_22,data_23,data_24,data_25,data_26,data_27,data_28,data_29,data_30,data_31,data_32,data_33,data_34,data_35,data_36,data_37,data_38,data_39,data_40,data_41,data_42,data_43,data_44,data_45,data_46,data_47,data_48,data_49,data_50,data_51,data_52,data_53,data_54,data_55,data_56,data_57,data_58,data_59,data_60,data_61,data_62,data_63,data_64,data_65,data_66,data_67,data_68,data_69,data_70,data_71,data_72,data_73,data_74,data_75,data_76,data_77,data_78,data_79,data_80,data_81,data_82,data_83,data_84,data_85,data_86,data_87,data_88,data_89,data_90,data_91,data_92,data_93,data_94,data_95,data_96,data_97,data_98,data_99,data_100
0.77882046,0.7815429,0.8780331,-0.87925154,0.84307975,-0.82706267,0.9212084,0.77901316,0.7382124,0.79470474,0.7373956,1.1908293,0.83225816,0.8022487,-0.9887535,-1.0627534,-0.9356444,0.7983502,0.83250344,-0.78883654,-0.7988376,0.81262654,0.74448115,0.8470872,0.8097644,0.7699569,0.7929171,0.7933737,0.77500916,1.1016026,-0.7743068,-0.84410334,0.83595234,0.752372,0.77100873,-1.016689,0.79146427,-0.8871971,0.7550445,0.7434623,0.8335162,0.7563678,0.82634646,0.8675308,0.863686,0.75804025,-0.85634196,0.77241796,0.9287538,-0.8967943,0.81112564,0.8274469,0.8876698,-0.8438731,1.0977001,0.84193826,0.95320725,-1.1479946,0.8729627,0.9096892,0.74650514,0.88074064,0.7497442,0.76360464,0.8328923,0.7623417,-0.8299695,-0.8397517,0.7849708,0.9439619,-0.914186,0.7526928,0.77773494,-0.81555265,0.8601653,0.870593,0.760671,0.7733477,-0.80105716,-0.8368526,0.7580396,0.9779612,0.7794835,0.7668274,-0.918965,-0.8444864,0.76482546,-0.964245,0.802754,0.7647046,0.89649504,0.91207945,0.8392482,0.78601944,0.7465505,0.80586267,0.74344647,0.7551889,-0.84049267,0.78303915
