data_1,data_2
-8.022675,5.017334
