data_1,data_2,data_3,data_4,data_5,data_6,data_7,data_8,data_9,data_10,data_11,data_12,data_13,data_14,data_15,data_16,data_17,data_18,data_19,data_20,data_21,data_22,data_23,data_24,data_25,data_26,data_27,data_28,data_29,data_30,data_31,data_32,data_33,data_34,data_35,data_36,data_37,data_38,data_39,data_40,data_41,data_42,data_43,data_44,data_45,data_46,data_47,data_48,data_49,data_50,data_51,data_52,data_53,data_54,data_55,data_56,data_57,data_58,data_59,data_60,data_61,data_62,data_63,data_64,data_65,data_66,data_67,data_68,data_69,data_70,data_71,data_72,data_73,data_74,data_75,data_76,data_77,data_78,data_79,data_80,data_81,data_82,data_83,data_84,data_85,data_86,data_87,data_88,data_89,data_90,data_91,data_92,data_93,data_94,data_95,data_96,data_97,data_98,data_99,data_100
-53.207485,-9.046765,178.76732,11.794019,-60.82414,-29.420702,20.215591,11.830252,17.130358,13.858463,-36.169308,62.515835,-5.465924,-40.756165,-7.2054086,15.749972,0.56577647,-24.593124,-80.739075,-35.358578,5.164546,-3.448882,4.755368,3.5834174,60.088417,-26.506144,-22.745255,47.325153,18.566465,-35.732903,-130.79723,9.775301,-32.700912,-2.3791986,-38.37182,123.86905,9.149328,183.27744,47.371223,6.537775,-12.288537,6.161151,5.063205,-25.092474,163.39713,82.12044,76.73254,8.554054,-63.51971,84.451454,-24.040571,20.71451,-22.160603,57.16752,-35.656277,22.105263,-32.57883,41.629925,78.95561,18.82814,43.381973,80.7363,48.050613,-5.4146614,-25.400229,14.214708,-61.62804,-1.444761,8.730927,-34.699825,41.34224,29.744513,10.586977,-41.645905,-224.73253,27.23623,31.432026,-91.967155,-61.141487,-77.31029,-0.0062839543,-278.5787,29.238169,6.904697,30.888096,-111.92973,6.8993864,-22.706968,15.010248,78.94149,1.3524654,9.07311,-67.04953,-20.175076,108.971214,16.648495,45.199974,-18.00683,-77.754745,16.720736
