data_1,data_2,data_3,data_4,data_5,data_6,data_7,data_8
4.755368,-2.3791986,3.5834174,-1.444761,5.063205,-3.448882,0.56577647,1.3524654
