parameter_1,parameter_2,parameter_3,parameter_4,parameter_5
2.03257,0.039462805,-1.7365737,1.859148,-1.9385548
