data_1,data_2,data_3,data_4,data_5,data_6,data_7,data_8,data_9,data_10,data_11,data_12,data_13,data_14,data_15,data_16,data_17,data_18,data_19,data_20,data_21,data_22,data_23,data_24,data_25,data_26,data_27,data_28,data_29,data_30,data_31,data_32,data_33,data_34,data_35,data_36,data_37,data_38,data_39,data_40,data_41,data_42,data_43,data_44,data_45,data_46,data_47,data_48,data_49,data_50,data_51,data_52,data_53,data_54,data_55,data_56,data_57,data_58,data_59,data_60,data_61,data_62,data_63,data_64,data_65,data_66,data_67,data_68,data_69,data_70,data_71,data_72,data_73,data_74,data_75,data_76,data_77,data_78,data_79,data_80,data_81,data_82,data_83,data_84,data_85,data_86,data_87,data_88,data_89,data_90,data_91,data_92,data_93,data_94,data_95,data_96,data_97,data_98,data_99,data_100
1.037611,-1.1861056,-1.2254412,-1.1600004,-1.2393613,-1.1379806,-1.0322078,-1.364111,-1.1941295,-1.4879427,-1.1062909,-1.4401494,1.0367613,-1.2175069,-1.1543146,1.1082704,-1.414718,-1.0932621,-1.2859056,-1.1348009,-1.1820825,-1.1199203,-1.0942256,-1.3058918,-1.4822285,-1.3275658,-1.2102853,1.0911038,1.0695477,-1.1366285,1.0492626,-1.2289732,-1.1198016,-1.2107797,-1.1335824,-1.2239765,-1.058592,-1.0831746,1.1180083,-1.3947455,-1.1475357,-1.3068576,1.5466838,-1.5464835,-1.7043574,-1.505273,-1.287019,-1.1997417,-1.2238309,-1.1275781,-1.4540732,-1.0804098,1.0939482,-1.1890824,1.0624744,1.1100993,1.2647265,1.0965526,-1.123832,1.0272727,-1.1212091,-1.0724299,-1.0373132,-1.0832225,-1.4306744,1.1469537,1.2998127,-1.289312,-1.5125743,1.0293217,1.2557503,-1.4488021,-1.4804721,1.0673788,1.1411593,1.0198363,-1.320679,1.1155411,-1.1090332,1.0882329,1.048405,-1.2701371,1.0262187,-1.1506917,-1.1075102,-1.4450482,1.0407733,-1.2859193,1.0513173,-1.1799537,-1.1258266,-1.0374308,-1.2581995,-1.1122351,-1.301944,-1.2387439,-1.1975523,-1.0714468,-1.8342781,-1.1017938
