data_1,data_2,data_3,data_4,data_5,data_6,data_7,data_8,data_9,data_10
-1.0609269,-1.6444184,-1.1036254,-1.1388892,-1.7721984,-1.1023169,-1.0905958,-1.2152247,1.3154453,-1.1021259
