data_1,data_2,data_3,data_4,data_5,data_6,data_7,data_8,data_9,data_10,data_11,data_12,data_13,data_14,data_15,data_16,data_17,data_18,data_19,data_20,data_21,data_22,data_23,data_24,data_25,data_26,data_27,data_28,data_29,data_30,data_31,data_32,data_33,data_34,data_35,data_36,data_37,data_38,data_39,data_40,data_41,data_42,data_43,data_44,data_45,data_46,data_47,data_48,data_49,data_50,data_51,data_52,data_53,data_54,data_55,data_56,data_57,data_58,data_59,data_60,data_61,data_62,data_63,data_64,data_65,data_66,data_67,data_68,data_69,data_70,data_71,data_72,data_73,data_74,data_75,data_76,data_77,data_78,data_79,data_80,data_81,data_82,data_83,data_84,data_85,data_86,data_87,data_88,data_89,data_90,data_91,data_92,data_93,data_94,data_95,data_96,data_97,data_98,data_99,data_100
-2.0409703,-1.5257552,1.5283573,-1.5335786,-1.5123584,-1.5241572,1.5982581,-1.6589116,-1.5943594,-1.4585451,-1.5095668,-1.4657153,-1.4866517,-1.5828116,1.4958576,1.5199145,1.5581986,-1.5689605,-1.4901958,-1.6221589,-1.5343906,-1.8474966,-1.6912374,1.5136265,-1.5181888,-1.5642909,1.575773,1.6904145,-1.4683896,-1.5264285,1.5051448,1.5231884,-1.4813795,-1.542351,-1.4854351,-1.5655259,-1.5196004,-1.4740705,-1.6570338,1.6703265,1.5852814,1.703367,1.5368466,-1.482603,1.5459095,-1.597521,1.4946922,-1.4690356,-1.4671828,-1.6426723,-1.6039643,-1.4986292,1.5160359,1.6057675,-1.4692203,-1.5047113,-1.5020844,1.5074633,-1.4772055,-1.4803413,1.5335296,-1.6515902,1.6044135,-1.5944605,1.5292189,-1.6374255,1.5599174,-1.7228177,-1.5919168,1.5303555,1.563546,1.5209482,-1.4919649,-1.498366,1.4698907,-2.0507238,-1.8035755,-1.6002576,-1.4758974,-1.5298649,-1.7516717,-1.6533273,-1.602729,-1.5147551,-1.596371,-1.541031,-1.4875354,1.9103636,-1.5210938,1.5817647,1.7741463,-1.516101,-1.8804176,-1.6016945,1.6247451,-1.4751787,1.5450293,1.5195358,-1.6087931,-1.5490999
