data_1,data_2,data_3,data_4,data_5,data_6,data_7,data_8,data_9,data_10,data_11,data_12,data_13,data_14,data_15,data_16,data_17,data_18,data_19,data_20,data_21,data_22,data_23,data_24,data_25,data_26,data_27,data_28,data_29,data_30,data_31,data_32,data_33,data_34,data_35,data_36,data_37,data_38,data_39,data_40,data_41,data_42,data_43,data_44,data_45,data_46,data_47,data_48,data_49,data_50,data_51,data_52,data_53,data_54,data_55,data_56,data_57,data_58,data_59,data_60,data_61,data_62,data_63,data_64,data_65,data_66,data_67,data_68,data_69,data_70,data_71,data_72,data_73,data_74,data_75,data_76,data_77,data_78,data_79,data_80,data_81,data_82,data_83,data_84,data_85,data_86,data_87,data_88,data_89,data_90,data_91,data_92,data_93,data_94,data_95,data_96,data_97,data_98,data_99,data_100,data_101,data_102,data_103,data_104,data_105,data_106,data_107,data_108,data_109,data_110,data_111,data_112,data_113,data_114,data_115,data_116,data_117,data_118,data_119,data_120,data_121,data_122,data_123,data_124,data_125,data_126,data_127,data_128
0.042298675,0.10024355,0.046135847,0.10178727,0.044054147,0.5118404,0.025103815,0.083839655,0.07411088,0.062717356,0.028270835,0.0112106325,0.041154567,0.059834532,0.1442654,0.17960303,0.070880994,0.029064542,0.12792641,0.029031433,0.0928018,0.058147833,0.06859968,0.07838867,0.038492076,0.07835576,0.15624267,0.067296155,0.024047233,0.068388686,0.2600016,0.039652027,0.029088803,0.045845814,0.12610224,0.014275275,0.026989767,0.0866915,0.08058969,0.25670448,0.050503008,0.028266784,0.06030838,0.026722737,0.015503629,0.12558912,0.047136486,0.026773637,0.07487454,0.044657458,0.06765419,0.016221019,0.10976446,0.09564415,0.0636934,0.12079053,0.04413008,0.05787526,0.023330964,0.16127159,0.006287496,0.25254187,0.05212906,0.15357716,1.0,1.0,1.0,1.0,1.0,1.0,1.0,1.0,1.0,1.0,1.0,1.0,1.0,1.0,0.0,1.0,1.0,1.0,1.0,1.0,1.0,1.0,1.0,1.0,1.0,1.0,0.0,1.0,1.0,1.0,1.0,1.0,1.0,1.0,1.0,1.0,1.0,1.0,1.0,0.0,1.0,1.0,1.0,1.0,1.0,0.0,1.0,1.0,1.0,1.0,1.0,1.0,1.0,1.0,1.0,0.0,1.0,1.0,1.0,1.0,1.0,1.0,1.0,1.0
