data_1,data_2,data_3,data_4,data_5,data_6,data_7,data_8,data_9,data_10
-1.2017726,-1.2747897,-0.6667336,-0.8931678,-0.9903604,-0.72562665,-0.6926774,-1.0299927,-0.97107476,-1.1085339
