data_1,data_2,data_3,data_4,data_5,data_6,data_7,data_8,data_9,data_10
1.6878613,1.3659525,1.2510108,-1.3656086,1.2333616,1.2219841,1.3457991,1.4117447,-1.2837427,1.6495022
