data_1,data_2,data_3,data_4,data_5,data_6,data_7,data_8,data_9,data_10
1.0782359,-1.0025897,1.403951,-1.4420527,-1.0177137,-1.0871689,-1.0256811,1.2121738,1.3493468,-1.0930415
