data_1,data_2,data_3,data_4,data_5,data_6,data_7,data_8,data_9,data_10,data_11,data_12,data_13,data_14,data_15,data_16,data_17,data_18,data_19,data_20,data_21,data_22,data_23,data_24,data_25,data_26,data_27,data_28,data_29,data_30,data_31,data_32,data_33,data_34,data_35,data_36,data_37,data_38,data_39,data_40,data_41,data_42,data_43,data_44,data_45,data_46,data_47,data_48,data_49,data_50,data_51,data_52,data_53,data_54,data_55,data_56,data_57,data_58,data_59,data_60,data_61,data_62,data_63,data_64,data_65,data_66,data_67,data_68,data_69,data_70,data_71,data_72,data_73,data_74,data_75,data_76,data_77,data_78,data_79,data_80,data_81,data_82,data_83,data_84,data_85,data_86,data_87,data_88,data_89,data_90,data_91,data_92,data_93,data_94,data_95,data_96,data_97,data_98,data_99,data_100
-1.4738309,-1.6157237,-1.2970093,1.3174534,-1.2628299,-1.3787588,-1.3124089,1.6160202,-1.2578228,-1.8167967,-1.343986,-1.2541176,-1.4796872,-1.2609832,-1.3538234,-1.9578632,-1.5890883,-1.7446221,1.3334155,1.3741903,-1.3172317,1.3486726,-1.3801624,-1.5064986,-1.262786,-1.26545,1.3583542,-1.5799571,1.4825878,1.3384178,2.1661417,1.3832239,1.3679911,1.5474939,-1.4663101,1.7836772,-1.5542645,1.3111888,-1.4979848,-1.2529031,1.4471034,-1.371595,-1.5212494,-1.3855528,-1.3806697,-1.8035849,1.4289162,-1.3843454,1.4757307,-1.4598149,-1.7595315,-1.4450417,-1.3388085,1.3676065,-1.3460164,-1.2581067,1.4493226,-1.4885345,-1.5858492,-1.617652,-1.6276916,-1.3687572,-1.3434129,1.2610365,-1.3997521,1.380828,-1.2770598,-1.6383575,1.450782,-1.3704536,-1.3122327,-1.2797124,-1.6887898,-1.3815867,-1.34178,-1.5593927,1.3361473,-1.3753295,-1.330609,-1.26218,-1.2694803,-1.2577035,-1.4283663,-1.2634622,-1.4957811,-1.3746505,-1.3077859,-1.2649379,-1.3407522,-1.558678,-1.2964964,-1.443464,1.434071,-1.3835709,1.3533494,-1.3864932,-1.2470601,-1.3252969,-1.2736514,-1.3697895
