data_1,data_2,data_3,data_4,data_5,data_6,data_7,data_8,data_9,data_10,data_11,data_12,data_13,data_14,data_15,data_16,data_17,data_18,data_19,data_20,data_21,data_22,data_23,data_24,data_25,data_26,data_27,data_28,data_29,data_30,data_31,data_32,data_33,data_34,data_35,data_36,data_37,data_38,data_39,data_40,data_41,data_42,data_43,data_44,data_45,data_46,data_47,data_48,data_49,data_50,data_51,data_52,data_53,data_54,data_55,data_56,data_57,data_58,data_59,data_60,data_61,data_62,data_63,data_64,data_65,data_66,data_67,data_68,data_69,data_70,data_71,data_72,data_73,data_74,data_75,data_76,data_77,data_78,data_79,data_80,data_81,data_82,data_83,data_84,data_85,data_86,data_87,data_88,data_89,data_90,data_91,data_92,data_93,data_94,data_95,data_96,data_97,data_98,data_99,data_100
2.6214008,-2.9103496,3.1205046,1.2901392,0.78386784,-0.9889826,0.94796944,1.4888399,1.2070618,4.4856215,2.0255609,0.732031,0.98074234,1.0995511,1.0155836,-1.2785777,-1.2640036,1.1829836,0.73410946,0.96507215,0.8586991,0.82171905,3.829245,1.1374499,0.77802086,0.8523392,3.4098322,0.88246596,0.9497884,1.3622286,3.113267,0.80430657,0.834548,0.8562331,-2.1390905,1.1707863,1.1896588,1.0801146,0.71458745,1.8783563,0.7712237,1.5077434,1.5077494,-0.74900335,0.9089013,0.9229265,-1.1123953,1.0493335,1.3910636,2.1768143,0.8311437,1.5446888,-1.3297131,1.7122172,1.1147074,1.3387003,1.3944418,0.7744219,0.7823255,1.1459547,0.97180986,0.7724524,1.7587609,0.9563939,1.5121145,1.820067,1.1555824,0.9085931,1.1554651,1.1538951,-1.7783406,0.86244863,-1.162977,0.80217725,0.75852257,0.74889517,-1.4737133,0.7512234,-1.566266,0.9142454,1.0317042,1.0377288,-0.960062,1.5401796,0.9591112,1.4014798,-2.44308,0.9360989,0.8655136,0.83324903,0.9245467,1.1045707,-1.2754123,0.8199543,1.718063,1.4649582,0.79340154,0.8314917,0.7236553,0.8342242
