data_1,data_2,data_3,data_4,data_5,data_6,data_7,data_8,data_9,data_10,data_11,data_12,data_13,data_14,data_15,data_16,data_17,data_18,data_19,data_20,data_21,data_22,data_23,data_24,data_25,data_26,data_27,data_28,data_29,data_30,data_31,data_32,data_33,data_34,data_35,data_36,data_37,data_38,data_39,data_40,data_41,data_42,data_43,data_44,data_45,data_46,data_47,data_48,data_49,data_50,data_51,data_52,data_53,data_54,data_55,data_56,data_57,data_58,data_59,data_60,data_61,data_62,data_63,data_64,data_65,data_66,data_67,data_68,data_69,data_70,data_71,data_72,data_73,data_74,data_75,data_76,data_77,data_78,data_79,data_80,data_81,data_82,data_83,data_84,data_85,data_86,data_87,data_88,data_89,data_90,data_91,data_92,data_93,data_94,data_95,data_96,data_97,data_98,data_99,data_100
-1.4885246,-1.9551749,-1.5850673,-1.4662147,-2.2007656,1.8932734,-1.4441713,-1.6929282,-1.8827088,-1.5230787,-1.6894714,-1.6305323,-1.5250547,-1.6997654,-2.9069414,1.6347253,-1.6027578,-1.5243037,-2.225528,-1.5733933,-1.8778082,-2.7735481,-1.714353,-1.5093728,-1.6072128,-1.7096267,-1.5653375,-1.5760399,-1.4931309,-1.559926,-1.7887021,-1.6925498,-1.8797984,-1.4544396,-1.7231058,-1.5292456,-1.4273326,-1.5344859,-1.7926795,-1.7876143,-1.8741035,1.6928478,-2.0239818,-1.5022918,-2.1275043,-1.7309031,-1.701374,-1.5762405,-2.2001586,-1.8329602,-1.7434213,-1.4948466,-1.4712349,-1.7771115,-2.2095695,-1.4513797,-1.4665657,1.4342481,-1.7776659,-1.7903054,-1.6178446,-1.8078039,-1.5995067,-1.8628405,-1.5707065,2.3402882,-1.7369988,-1.5700727,-1.5659759,-1.6302115,-1.4097694,-1.5004507,-1.7006782,1.5755451,-1.6291757,-1.4020567,-1.5164902,-1.9896243,-1.8014749,-1.6759454,-1.5515518,-1.6143177,-1.5265168,-1.538634,-1.4970361,1.6156783,-1.7062236,-1.6570721,-1.4406337,-1.7270867,-1.876301,-1.9961562,-1.920574,-1.7097757,-1.6219331,-1.8988055,-1.5591253,-2.5586953,-1.7071209,-1.6565194
