data_1,data_2,data_3,data_4,data_5,data_6,data_7,data_8,data_9,data_10,data_11,data_12,data_13,data_14,data_15,data_16,data_17,data_18,data_19,data_20,data_21,data_22,data_23,data_24,data_25,data_26,data_27,data_28,data_29,data_30,data_31,data_32,data_33,data_34,data_35,data_36,data_37,data_38,data_39,data_40,data_41,data_42,data_43,data_44,data_45,data_46,data_47,data_48,data_49,data_50,data_51,data_52,data_53,data_54,data_55,data_56,data_57,data_58,data_59,data_60,data_61,data_62,data_63,data_64,data_65,data_66,data_67,data_68,data_69,data_70,data_71,data_72,data_73,data_74,data_75,data_76,data_77,data_78,data_79,data_80,data_81,data_82,data_83,data_84,data_85,data_86,data_87,data_88,data_89,data_90,data_91,data_92,data_93,data_94,data_95,data_96,data_97,data_98,data_99,data_100,data_101,data_102,data_103,data_104,data_105,data_106,data_107,data_108,data_109,data_110,data_111,data_112,data_113,data_114,data_115,data_116,data_117,data_118,data_119,data_120,data_121,data_122,data_123,data_124,data_125,data_126,data_127,data_128
0.22625877,0.47359583,0.33100262,0.2873773,0.4332141,0.11174721,0.18753962,0.3658042,0.031137358,0.20465091,0.3750603,2.9577582,1.5785084,0.31060645,0.16280138,0.28865147,0.4183125,0.48032737,0.31884095,0.41364577,0.26888022,0.3057594,1.0360498,0.2643675,0.324396,2.3153186,0.54548395,0.09628583,0.37194294,0.068344735,0.24673904,0.25966832,0.123951234,0.73294014,0.8459508,0.4762753,0.4267541,0.050454155,0.08285219,1.0849396,0.20163563,0.5414258,0.6128059,0.2156915,0.2417073,0.4493932,1.0351747,0.23108253,0.23418234,0.29757568,0.31711552,0.22638708,0.17468499,0.18317114,0.13125803,0.30962062,0.09016724,0.22194457,1.3895762,0.32218277,0.0591661,1.5467137,0.0652926,0.3170321,0.0,0.0,1.0,1.0,1.0,0.0,0.0,0.0,0.0,1.0,0.0,0.0,0.0,0.0,0.0,1.0,1.0,0.0,0.0,0.0,1.0,0.0,1.0,0.0,1.0,0.0,0.0,1.0,1.0,0.0,0.0,1.0,1.0,1.0,1.0,0.0,0.0,0.0,0.0,0.0,0.0,0.0,0.0,1.0,0.0,0.0,1.0,1.0,0.0,0.0,0.0,1.0,0.0,0.0,0.0,1.0,1.0,0.0,0.0,1.0,0.0,0.0,0.0,0.0
