data_1,data_2,data_3,data_4,data_5,data_6,data_7,data_8,data_9,data_10
-1.4885246,-1.9551749,-1.5850673,-1.4662147,-2.2007656,1.8932734,-1.4441713,-1.6929282,-1.8827088,-1.5230787
