data_1,data_2,data_3,data_4,data_5,data_6,data_7,data_8,data_9,data_10
0.79570556,1.2891443,-0.7616638,1.5454797,0.9959465,0.55420965,0.9564872,1.6819593,0.82198954,1.0541707
