parameter_1,parameter_2,parameter_3,parameter_4
76.843575,71.53546,5.188671,13.623177
