data_1,data_2
-8.047317,-0.021793246
