parameter_1,parameter_2
-8.0234165,0.11640644
