data_1,data_2,data_3,data_4,data_5,data_6,data_7,data_8,data_9,data_10
-1.3121351,1.2430831,-1.2920644,1.4108051,1.223007,-1.2885307,1.3396044,1.2044104,1.3592474,1.2277316
