data_1,data_2,data_3,data_4,data_5,data_6,data_7,data_8,data_9,data_10,data_11,data_12,data_13,data_14,data_15,data_16,data_17,data_18,data_19,data_20
31.79231,69.81775,1.4594036,1.1810534,4.9394736,48.47806,20.46965,1.1625319,1.9848666,9.310024,0.9616273,15.593071,8.907405,2.6534798,1.5824677,1.2901522,17.332376,8.085076,2.2958884,1.1120825
