$\alpha$,$\beta$,$\gamma$,$\delta$
1.2082553,0.2096005,0.5333081,0.025240803
