data_1,data_2,data_3,data_4,data_5,data_6,data_7,data_8,data_9,data_10
0.90498954,0.77588695,-0.77208096,0.56694007,-0.5352473,0.46516165,0.11420995,0.47490227,0.19284089,-0.11555666
