parameter_1,parameter_2,parameter_3,parameter_4,parameter_5,parameter_6,parameter_7,parameter_8,parameter_9,parameter_10
0.89478576,0.71784866,-0.96226573,0.72463524,-0.68452966,0.3685118,0.5850848,0.65575254,0.15802038,0.4119612
