data_1,data_2,data_3,data_4,data_5,data_6,data_7,data_8,data_9,data_10
1.521314,-1.6586028,1.1767364,2.0761209,1.7400653,1.2478145,1.6682432,1.2988038,1.516507,1.3522604
