data_1,data_2,data_3,data_4,data_5,data_6,data_7,data_8,data_9,data_10
2.3612196,2.2072184,1.93591,2.13458,2.0268645,1.8447773,2.288664,2.290632,-2.2850704,2.0928822
