$\beta$,$\gamma$
0.32162213,0.12866016
