data_1,data_2,data_3,data_4,data_5,data_6,data_7,data_8,data_9,data_10,data_11,data_12,data_13,data_14,data_15,data_16,data_17,data_18,data_19,data_20
31.38886,41.50278,1.8058304,1.3843291,2.7565508,8.470478,25.284895,38.385914,1.5492431,1.7195091,0.9218997,65.40927,36.536453,6.839463,1.5207144,0.66371924,1.308342,62.855602,32.65833,6.3947735
