$\alpha$,$\beta$,$\gamma$,$\delta$
0.5185387,0.031783108,0.88284314,0.06371888
