data_1,data_2,data_3,data_4,data_5,data_6,data_7,data_8,data_9,data_10
1.5502139,1.6148422,1.7805387,-1.5839288,1.6230288,-1.5596254,1.5736206,-1.5905461,1.5718659,-1.6019568
