data_1,data_2,data_3,data_4,data_5,data_6,data_7,data_8,data_9,data_10,data_11,data_12,data_13,data_14,data_15,data_16,data_17,data_18,data_19,data_20,data_21,data_22,data_23,data_24,data_25,data_26,data_27,data_28,data_29,data_30,data_31,data_32,data_33,data_34,data_35,data_36,data_37,data_38,data_39,data_40,data_41,data_42,data_43,data_44,data_45,data_46,data_47,data_48,data_49,data_50,data_51,data_52,data_53,data_54,data_55,data_56,data_57,data_58,data_59,data_60,data_61,data_62,data_63,data_64,data_65,data_66,data_67,data_68,data_69,data_70,data_71,data_72,data_73,data_74,data_75,data_76,data_77,data_78,data_79,data_80,data_81,data_82,data_83,data_84,data_85,data_86,data_87,data_88,data_89,data_90,data_91,data_92,data_93,data_94,data_95,data_96,data_97,data_98,data_99,data_100
-1.005083,1.045706,-0.6935316,2.2193384,1.1835259,-1.1829809,1.7418594,-0.7320801,0.7505643,-0.8628812,2.0302825,1.0288895,1.5478512,-1.0652955,-1.5571424,0.7831131,-1.6761752,1.6604904,-1.0531207,1.4310281,-0.7001949,1.6383004,-0.9352007,-0.5685511,1.0741565,0.61333954,1.3124888,1.4746969,1.6070497,1.3369223,0.96845245,-0.7538951,-1.2805649,0.94661623,-0.8976228,-0.86275613,0.86636233,-2.064329,1.5827044,0.8626802,2.0645149,0.91599715,-1.1457835,-0.91445005,2.0580878,1.9060185,0.90316445,-0.9558979,-2.982921,1.2437931,1.2622222,-1.0189815,5.2874517,-0.92877626,2.7764196,0.9753773,2.1946597,1.2723136,-1.1879206,1.9006643,-2.352436,1.394945,-0.69891757,3.800473,-0.77753156,1.2041806,-1.2817693,-0.97992057,2.2951682,1.4735571,2.0405269,0.88887674,-1.8403497,0.7052421,1.980289,-1.2599046,2.2908025,-2.5901008,1.1065313,-2.198829,-2.9634092,0.7305013,0.86988986,1.6130154,0.9774409,1.5618608,-1.840666,-1.2977649,1.0650988,1.5702043,1.5716177,-2.2476869,2.6992595,1.0150185,3.9720347,-0.8808091,1.4308426,1.1645122,-2.2074118,1.0115838
