data_1,data_2,data_3,data_4,data_5,data_6,data_7,data_8,data_9,data_10,data_11,data_12,data_13,data_14,data_15,data_16,data_17,data_18,data_19,data_20,data_21,data_22,data_23,data_24,data_25,data_26,data_27,data_28,data_29,data_30,data_31,data_32,data_33,data_34,data_35,data_36,data_37,data_38,data_39,data_40,data_41,data_42,data_43,data_44,data_45,data_46,data_47,data_48,data_49,data_50,data_51,data_52,data_53,data_54,data_55,data_56,data_57,data_58,data_59,data_60,data_61,data_62,data_63,data_64,data_65,data_66,data_67,data_68,data_69,data_70,data_71,data_72,data_73,data_74,data_75,data_76,data_77,data_78,data_79,data_80,data_81,data_82,data_83,data_84,data_85,data_86,data_87,data_88,data_89,data_90,data_91,data_92,data_93,data_94,data_95,data_96,data_97,data_98,data_99,data_100
1.0703689,1.1012689,1.2591095,2.1757848,1.1086992,1.5185661,1.2321044,1.2890017,-1.1047559,1.0903069,1.1824602,1.2714849,1.4027342,1.771528,1.3488286,1.2352467,1.1738858,-1.2280557,2.082853,1.4566633,1.5947199,1.2140204,1.2365344,1.5427487,1.3851082,1.3978064,1.0962565,1.4806675,1.1004987,-1.5889459,1.7986447,2.1635146,1.1352888,1.0938987,1.1031786,1.1027585,1.096401,1.3072762,1.025575,1.097466,1.0249847,1.1955214,1.8261676,1.2414602,1.801483,1.6007558,1.0814728,1.5165812,1.6543031,1.1571841,1.1655812,1.965941,1.2609545,1.1423855,1.1371795,1.4464381,1.058192,1.2309363,1.3373927,1.5702686,1.4271913,-1.2264397,1.0200368,-1.7432126,1.2696329,1.2180976,1.3832376,1.6924326,1.1242464,1.0785623,1.0993508,1.289405,1.0786271,-1.408881,1.2082093,1.1281261,1.1308775,1.1266378,1.3778667,1.3649331,1.0781057,1.5116998,1.1719414,1.0475627,1.5487294,1.3591024,1.4395057,1.0201567,1.7046276,1.0521764,1.1514763,1.7584934,1.1305698,1.3502533,1.4678787,1.4575673,1.4956447,1.1476061,1.2975231,1.8102962
