data_1,data_2,data_3,data_4,data_5,data_6,data_7,data_8,data_9,data_10
0.65008456,-1.2486589,0.5422658,0.18347389,-0.71052873,0.69502926,0.1572721,0.05693593,-0.7391961,-0.6808562
