parameter_1,parameter_2,parameter_3,parameter_4,parameter_5,parameter_6,parameter_7,parameter_8,parameter_9,parameter_10
0.72652316,-0.9946897,0.32040286,-0.3200866,-0.7283441,0.9077108,-0.093097925,0.14058733,-0.6240684,-0.4237193
