data_1,data_2,data_3,data_4,data_5,data_6,data_7,data_8,data_9,data_10
2.6214008,-2.9103496,3.1205046,1.2901392,0.78386784,-0.9889826,0.94796944,1.4888399,1.2070618,4.4856215
