$\beta$,$\gamma$
0.37948066,0.14665458
