data_1,data_2
-9.472713,-1.4950509
