parameter_1,parameter_2,parameter_3,parameter_4
73.490814,65.633965,2.9792442,12.772488
