data_1,data_2,data_3,data_4,data_5,data_6,data_7,data_8,data_9,data_10,data_11,data_12,data_13,data_14,data_15,data_16,data_17,data_18,data_19,data_20,data_21,data_22,data_23,data_24,data_25,data_26,data_27,data_28,data_29,data_30,data_31,data_32,data_33,data_34,data_35,data_36,data_37,data_38,data_39,data_40,data_41,data_42,data_43,data_44,data_45,data_46,data_47,data_48,data_49,data_50,data_51,data_52,data_53,data_54,data_55,data_56,data_57,data_58,data_59,data_60,data_61,data_62,data_63,data_64,data_65,data_66,data_67,data_68,data_69,data_70,data_71,data_72,data_73,data_74,data_75,data_76,data_77,data_78,data_79,data_80,data_81,data_82,data_83,data_84,data_85,data_86,data_87,data_88,data_89,data_90,data_91,data_92,data_93,data_94,data_95,data_96,data_97,data_98,data_99,data_100
-2.0986457,-2.158829,-1.9875445,-1.8918056,-1.9971622,-1.9599811,-1.985488,2.0593894,-2.3469205,-2.3790667,-2.9711094,-2.554622,-2.1674726,1.9214427,-2.728972,-2.2543495,-2.2613747,-2.9525871,-2.2804039,-3.2892995,-1.8838999,-2.3298697,-2.6416907,-2.2612953,1.7737701,-1.868898,-2.225857,2.191551,-2.8247638,-2.2470205,-2.211913,-2.6048877,-1.8626729,-1.7733672,-1.8960371,-2.2872207,-1.8195248,2.6588864,-2.6300278,-1.9679215,1.94208,-2.5515406,-2.2602916,-2.693562,-1.9125006,-3.0379763,2.9661999,-2.0188115,-2.423155,3.199097,-2.5424335,-2.4940305,-2.1505256,-1.8967471,-2.1153626,-3.2858112,-2.9848354,-2.0351806,-2.1359506,-2.4773123,1.7584398,-2.0360186,-3.3302376,-3.6308682,-2.160261,3.6624255,-3.0274997,-2.5493426,-3.3134134,-2.4915075,-2.6141136,-1.7906004,1.8898708,-2.2670534,-2.2314737,-2.272057,-1.9567059,-1.9584343,-1.8837134,-1.8115971,-1.8903637,-2.106723,-1.8125141,-1.8441323,-2.2561224,-1.9959679,-2.4319813,-2.450445,-1.8868157,-1.9408277,-2.1305413,-2.140396,-4.0743084,-1.8671741,-2.1127093,-2.0050743,1.844674,2.604442,-2.4660957,-1.9024351
