data_1,data_2
-0.5676688,-0.33194834
