parameter_1,parameter_2
-0.28899693,-0.8759459
