data_1,data_2,data_3,data_4,data_5,data_6,data_7,data_8,data_9,data_10
1.4390858,1.2795962,-1.3064859,1.3405205,-1.447826,1.4146831,1.3040304,-1.6803684,1.5545944,-1.329806
