data_1,data_2,data_3,data_4,data_5,data_6,data_7,data_8,data_9,data_10,data_11,data_12,data_13,data_14,data_15,data_16,data_17,data_18,data_19,data_20,data_21,data_22,data_23,data_24,data_25,data_26,data_27,data_28,data_29,data_30,data_31,data_32,data_33,data_34,data_35,data_36,data_37,data_38,data_39,data_40,data_41,data_42,data_43,data_44,data_45,data_46,data_47,data_48,data_49,data_50,data_51,data_52,data_53,data_54,data_55,data_56,data_57,data_58,data_59,data_60,data_61,data_62,data_63,data_64,data_65,data_66,data_67,data_68,data_69,data_70,data_71,data_72,data_73,data_74,data_75,data_76,data_77,data_78,data_79,data_80,data_81,data_82,data_83,data_84,data_85,data_86,data_87,data_88,data_89,data_90,data_91,data_92,data_93,data_94,data_95,data_96,data_97,data_98,data_99,data_100
0.7580714,0.6678356,1.3187509,0.8567046,1.6773362,0.63289493,0.5596249,0.5194285,0.6418671,0.72982746,0.57220715,0.62421143,0.6847083,0.5488304,0.7138876,-1.7941118,0.54754317,0.65784097,0.8358894,1.0914283,1.2881236,0.5120366,0.574975,1.1607914,1.0945483,0.77583164,0.5515092,0.607825,0.6017037,0.78106105,0.5885032,1.1276375,0.7375714,0.77077264,0.67520654,0.6858697,1.0746312,-0.6504381,-0.60885876,0.5631763,0.7478672,1.0060853,0.6916126,1.0898287,0.5660135,0.62456894,0.75366753,0.96973515,0.7067649,0.5370243,3.0227988,0.647369,0.61210304,0.7812719,0.7311167,0.8722837,0.6230675,0.7527783,0.52025056,0.71102756,-1.1579887,0.5088289,0.5643332,-0.8757312,0.7423143,0.5002373,1.1623915,1.8075304,0.51301444,0.54697275,0.9443543,0.5273818,0.8069084,0.5857137,1.7186562,0.9874699,-0.6928395,1.1586941,0.610271,1.2921423,0.5436887,0.5789821,0.6318185,0.98024577,-0.71728295,-0.65026003,1.9156399,1.1793953,0.62975645,0.72182363,0.72526747,0.65299296,0.50985307,0.88654023,1.393848,0.7597251,0.74811447,0.5598888,0.5381052,0.5953265
