data_1,data_2,data_3,data_4,data_5,data_6,data_7,data_8,data_9,data_10
-0.85878193,-0.853551,-1.0429097,-0.9417556,-1.0328162,-1.0777729,-0.8785283,-1.0823259,-1.0293055,0.79297465
