data_1,data_2,data_3,data_4,data_5,data_6,data_7,data_8,data_9,data_10,data_11,data_12,data_13,data_14,data_15,data_16,data_17,data_18,data_19,data_20,data_21,data_22,data_23,data_24,data_25,data_26,data_27,data_28,data_29,data_30,data_31,data_32,data_33,data_34,data_35,data_36,data_37,data_38,data_39,data_40,data_41,data_42,data_43,data_44,data_45,data_46,data_47,data_48,data_49,data_50,data_51,data_52,data_53,data_54,data_55,data_56,data_57,data_58,data_59,data_60,data_61,data_62,data_63,data_64,data_65,data_66,data_67,data_68,data_69,data_70,data_71,data_72,data_73,data_74,data_75,data_76,data_77,data_78,data_79,data_80,data_81,data_82,data_83,data_84,data_85,data_86,data_87,data_88,data_89,data_90,data_91,data_92,data_93,data_94,data_95,data_96,data_97,data_98,data_99,data_100
-1.1693182,-1.0250573,-1.0397879,-1.0168126,-0.9548827,-1.1406094,-0.947809,-1.0145909,-1.2116828,-0.9195239,-1.0421929,-2.1824949,-1.153893,-1.2729543,-0.9608453,-0.93446,-1.0388738,-1.3701701,-1.134823,-1.09115,-1.4931086,-1.1154195,-0.9535636,-1.101868,-1.0519949,-1.3512858,-1.1953859,-1.4897195,-0.97950774,-1.5459017,-0.9682055,-1.0060799,-1.339254,-1.5107905,-1.026437,-1.1960174,-0.9783326,-1.2168987,-1.0242549,-1.0198796,-2.016116,-1.4671994,-1.0003625,-1.2107103,-1.1791875,-1.2326765,-1.1704866,-1.3340461,-1.8317726,-0.9356106,-1.0017867,-0.9394976,-1.6744287,-0.9575398,-0.9115274,-1.4189427,-1.1122597,-1.140492,-1.3807318,-0.956655,-1.0338275,-1.0349076,-1.0404805,-1.1193571,-1.1195606,-0.91288215,-1.46087,-0.9821173,-1.0528191,-0.93758214,-1.0223987,-0.9666459,-1.0835924,-0.9673303,-1.3036945,-1.0134443,-1.4009322,-0.9376623,-1.0840786,-0.92628795,-1.33741,-1.1522667,-1.085465,-0.95515907,-1.0153627,-1.1035132,-1.7000601,-1.0566118,-0.95227826,-1.0021528,-0.9735598,-1.1733158,-1.231121,-0.9610243,-1.0316162,-0.95961815,-1.1060151,-1.7736229,-1.1943587,-1.084241
