data_1,data_2,data_3,data_4,data_5,data_6,data_7,data_8,data_9,data_10
-2.4259582,-1.698657,-1.9122851,-1.8131747,1.9095222,-1.8330415,-1.9332314,-1.9988474,-2.129797,-2.1679144
