data_1,data_2,data_3,data_4,data_5,data_6,data_7,data_8,data_9,data_10
-1.875977,-1.339677,1.3433166,-1.2224678,-1.7717017,-1.3853211,-1.2255051,-1.2980077,-1.1102859,-1.1428987
