parameter_1,parameter_2
7.265232,-9.9468975
