data_1,data_2,data_3,data_4,data_5,data_6,data_7,data_8,data_9,data_10,data_11,data_12,data_13,data_14,data_15,data_16,data_17,data_18,data_19,data_20,data_21,data_22,data_23,data_24,data_25,data_26,data_27,data_28,data_29,data_30,data_31,data_32,data_33,data_34,data_35,data_36,data_37,data_38,data_39,data_40,data_41,data_42,data_43,data_44,data_45,data_46,data_47,data_48,data_49,data_50,data_51,data_52,data_53,data_54,data_55,data_56,data_57,data_58,data_59,data_60,data_61,data_62,data_63,data_64,data_65,data_66,data_67,data_68,data_69,data_70,data_71,data_72,data_73,data_74,data_75,data_76,data_77,data_78,data_79,data_80,data_81,data_82,data_83,data_84,data_85,data_86,data_87,data_88,data_89,data_90,data_91,data_92,data_93,data_94,data_95,data_96,data_97,data_98,data_99,data_100,data_101,data_102,data_103,data_104,data_105,data_106,data_107,data_108,data_109,data_110,data_111,data_112,data_113,data_114,data_115,data_116,data_117,data_118,data_119,data_120,data_121,data_122,data_123,data_124,data_125,data_126,data_127,data_128
0.12690526,0.35383046,0.17839883,0.2581626,0.093640044,0.29637158,0.08729559,0.057105046,0.07820726,0.19311625,0.056688394,0.38829568,1.0099852,0.89227015,0.17327355,0.1521135,0.19301616,0.16810665,0.7049623,0.29125696,0.9237092,0.20351903,0.09317232,0.12613316,0.18688156,0.35312012,0.16991685,0.4447829,0.453795,0.5934604,0.34098518,0.18636204,0.2316467,0.23392688,0.147667,0.16972421,0.36622506,0.18974511,0.054523677,0.37164336,0.34867436,0.07587575,0.22008029,0.14537552,0.13569325,0.18172424,0.62236845,0.40335765,0.1407069,0.035976138,0.1614105,0.02978227,0.30607492,0.63940346,0.1387084,0.08309733,0.051138338,0.24250008,0.19356598,0.38051033,0.320528,0.18578592,0.32363263,0.1892519,1.0,1.0,1.0,0.0,1.0,1.0,1.0,1.0,1.0,0.0,0.0,1.0,0.0,1.0,0.0,0.0,1.0,1.0,1.0,1.0,0.0,1.0,1.0,1.0,1.0,1.0,0.0,1.0,1.0,1.0,1.0,1.0,1.0,0.0,1.0,1.0,1.0,1.0,1.0,1.0,1.0,1.0,1.0,1.0,0.0,1.0,0.0,1.0,1.0,1.0,0.0,1.0,1.0,0.0,1.0,1.0,0.0,0.0,0.0,0.0,1.0,1.0,0.0,0.0
