data_1,data_2,data_3,data_4,data_5,data_6,data_7,data_8,data_9,data_10,data_11,data_12,data_13,data_14,data_15,data_16,data_17,data_18,data_19,data_20,data_21,data_22,data_23,data_24,data_25,data_26,data_27,data_28,data_29,data_30,data_31,data_32,data_33,data_34,data_35,data_36,data_37,data_38,data_39,data_40,data_41,data_42,data_43,data_44,data_45,data_46,data_47,data_48,data_49,data_50,data_51,data_52,data_53,data_54,data_55,data_56,data_57,data_58,data_59,data_60,data_61,data_62,data_63,data_64,data_65,data_66,data_67,data_68,data_69,data_70,data_71,data_72,data_73,data_74,data_75,data_76,data_77,data_78,data_79,data_80,data_81,data_82,data_83,data_84,data_85,data_86,data_87,data_88,data_89,data_90,data_91,data_92,data_93,data_94,data_95,data_96,data_97,data_98,data_99,data_100
-1.2398248,-0.8835367,1.2471236,1.0130283,0.90601516,-0.81760985,-0.83023936,1.0616715,1.3448737,-0.91960514,0.8522529,-0.81411684,-0.88914585,1.2384826,-0.9106612,-0.94549465,-1.6693968,-1.6225914,-0.9047588,-0.8205409,-0.8480431,-0.8704549,0.8306615,-0.9329142,0.85095817,-0.9396964,0.8110503,1.1429243,0.85360783,1.4012574,-1.0510119,-0.88180244,-0.83208805,-0.9398736,-0.9842083,-0.8073977,1.1332364,-1.543594,-1.359121,0.834392,0.93918735,-1.0092968,-0.79419863,0.9486057,0.9190891,-0.9948416,-0.8636094,-0.82135224,-1.2109085,-0.8615074,-0.8756925,-2.5396266,-0.8495452,-0.8908007,-0.9902803,-0.817011,-0.9444976,-0.8051198,0.9991384,0.8379584,-0.8909859,-0.8444164,1.2479314,-0.9820391,0.8898957,-1.0642806,-0.866123,0.81619483,1.1915102,-1.1248717,0.9024321,1.0494398,-1.3953273,-1.0169263,-1.0275656,-1.0151482,0.8450282,0.8839032,-0.99088675,-1.0633538,0.8883051,-0.87327003,-1.0200446,-0.8669351,-0.85432,0.8673329,-0.8926583,0.9738511,-0.7945228,0.84564143,-0.8889013,0.9629497,0.998162,0.9198384,0.9108774,-0.8569391,-0.818978,0.8886071,1.0257802,-1.259408
