data_1,data_2,data_3,data_4,data_5,data_6,data_7,data_8,data_9,data_10,data_11,data_12,data_13,data_14,data_15,data_16,data_17,data_18,data_19,data_20,data_21,data_22,data_23,data_24,data_25,data_26,data_27,data_28,data_29,data_30,data_31,data_32,data_33,data_34,data_35,data_36,data_37,data_38,data_39,data_40,data_41,data_42,data_43,data_44,data_45,data_46,data_47,data_48,data_49,data_50,data_51,data_52,data_53,data_54,data_55,data_56,data_57,data_58,data_59,data_60,data_61,data_62,data_63,data_64,data_65,data_66,data_67,data_68,data_69,data_70,data_71,data_72,data_73,data_74,data_75,data_76,data_77,data_78,data_79,data_80,data_81,data_82,data_83,data_84,data_85,data_86,data_87,data_88,data_89,data_90,data_91,data_92,data_93,data_94,data_95,data_96,data_97,data_98,data_99,data_100
-5.1034417,-1.0529399,-12.800805,-3.8282511,-5.3208737,8.432706,-31.5412,-36.727665,37.56711,-3.6920767,1.0094713,-13.325868,-0.10556186,12.393034,26.69689,-11.473731,-4.4811616,4.0669055,3.0710893,17.50985,6.832557,0.02170819,0.069512725,-1.1986864,10.791985,-14.855926,-8.5960045,-16.93329,50.10719,32.775944,10.055909,11.645884,-30.43764,4.0657325,15.173107,-18.493507,37.324917,-25.458973,-27.884306,-16.853691,-14.422446,-17.588905,-1.4434359,1.7148556,-9.574949,-22.272308,5.141137,18.729918,0.342543,-18.69736,5.910171,-5.9943686,-21.424099,4.658792,-22.118109,-46.325417,13.552582,-10.248749,-44.697918,-4.7394743,30.86208,28.471855,5.3792686,-10.933405,-22.777365,14.466486,21.902243,0.94379723,11.769453,22.169415,-1.2412848,-19.748278,-14.776433,3.9366229,-17.811005,-2.4096177,-18.562805,14.904554,-5.4364142,-10.626962,-13.285315,15.607193,11.083994,-21.565788,-22.465803,11.545048,-14.161121,-14.263145,-41.878296,-7.5796056,-4.26959,24.462378,1.6266832,16.648375,-19.15873,-6.261954,-10.012038,35.113033,9.513687,-17.645052
