data_1,data_2,data_3,data_4,data_5,data_6,data_7,data_8
0.069512725,4.0657325,-1.1986864,0.94379723,-1.4434359,0.02170819,-4.4811616,-4.26959
