parameter_1,parameter_2,parameter_3,parameter_4,parameter_5
-1.9131382,0.0055966377,-1.424882,1.7892818,2.2225108
