data_1,data_2
8.879822,8.088118
