parameter_1,parameter_2
8.947857,7.178486
