data_1,data_2
-0.6396706,0.16234657
