parameter_1,parameter_2
-0.8176656,-0.5756806
