data_1,data_2,data_3,data_4,data_5,data_6,data_7,data_8,data_9,data_10
0.303608,0.09702572,0.4143386,-0.6286805,-0.10541348,0.2423679,-0.27078122,0.6748003,-0.29908583,-0.23966554
