parameter_1,parameter_2,parameter_3,parameter_4,parameter_5,parameter_6,parameter_7,parameter_8,parameter_9,parameter_10
-0.13793041,0.045632858,0.53129846,-0.12456216,0.17174427,-0.084691405,0.20289446,0.19580129,-0.44808364,0.0024759779
