data_1,data_2,data_3,data_4,data_5,data_6,data_7,data_8,data_9,data_10,data_11,data_12,data_13,data_14,data_15,data_16,data_17,data_18,data_19,data_20
31.783262,1.1971166,0.29703617,0.71145046,2.9415865,11.482614,36.09036,0.46229604,0.38081983,0.9173736,0.8910395,27.039942,4.356176,0.78444487,0.17100818,0.1325878,8.727008,16.97251,2.7902339,0.47567415
