$\alpha$,$\beta$,$\gamma$,$\delta$
0.6859157,0.10761319,0.88789904,0.116794825
