data_1,data_2,data_3,data_4,data_5,data_6,data_7,data_8,data_9,data_10
-1.3978548,1.4004709,1.3692458,1.3720666,1.3749715,-1.482911,1.3975579,-1.398303,1.3773361,-1.3952291
