data_1,data_2,data_3,data_4,data_5,data_6,data_7,data_8,data_9,data_10
-0.54149276,0.15401167,-0.53614,0.15069558,-0.15211618,-0.21718031,-0.39777136,-0.0935701,-0.76762325,0.66795474
