parameter_1,parameter_2,parameter_3,parameter_4,parameter_5,parameter_6,parameter_7,parameter_8,parameter_9,parameter_10
-0.32851782,-0.04893442,-0.19452389,-0.14762016,0.18822408,0.4414935,0.07872076,0.14572169,-0.29071635,0.6546646
