data_1,data_2,data_3,data_4,data_5,data_6,data_7,data_8,data_9,data_10
-2.0409703,-1.5257552,1.5283573,-1.5335786,-1.5123584,-1.5241572,1.5982581,-1.6589116,-1.5943594,-1.4585451
