data_1,data_2,data_3,data_4,data_5,data_6,data_7,data_8,data_9,data_10,data_11,data_12,data_13,data_14,data_15,data_16,data_17,data_18,data_19,data_20,data_21,data_22,data_23,data_24,data_25,data_26,data_27,data_28,data_29,data_30,data_31,data_32,data_33,data_34,data_35,data_36,data_37,data_38,data_39,data_40,data_41,data_42,data_43,data_44,data_45,data_46,data_47,data_48,data_49,data_50,data_51,data_52,data_53,data_54,data_55,data_56,data_57,data_58,data_59,data_60,data_61,data_62,data_63,data_64,data_65,data_66,data_67,data_68,data_69,data_70,data_71,data_72,data_73,data_74,data_75,data_76,data_77,data_78,data_79,data_80,data_81,data_82,data_83,data_84,data_85,data_86,data_87,data_88,data_89,data_90,data_91,data_92,data_93,data_94,data_95,data_96,data_97,data_98,data_99,data_100
-1.0733548,1.1996373,-1.1519564,1.1579268,-1.4900513,-1.1792411,-1.14944,-1.2804879,-1.4322078,-1.2681092,-1.1448723,-1.6742946,-1.0942082,-1.2107055,1.4275295,-1.1475972,1.1974108,-1.1374186,1.2314211,-1.1972497,-1.2449273,-1.0933199,1.224053,-1.0884415,1.0898004,-1.1391045,-1.163482,1.0966673,1.2917256,-1.115287,-1.2283957,-1.2477522,-1.1408436,1.6171107,-1.2615687,-1.0917463,1.1720926,-1.0492933,-1.1216859,-1.2199898,-1.0570928,-1.2067838,-1.2095082,-1.1445858,1.2736201,-1.4729092,1.2275001,-1.3109223,1.274796,-1.2494514,1.8929185,1.4764788,-1.1239539,-1.227656,-1.0723444,-1.0954515,-1.1256291,1.2801213,-1.6771594,-1.7429734,-1.1070758,-1.1700879,1.1362237,1.3491582,-1.0790396,-1.1138904,-1.0599626,-1.14956,-1.1387049,-1.1083261,-1.1313248,-1.3651462,1.1023016,-1.2081293,-1.4331057,-1.3186668,-1.3794926,-1.0916349,-1.0976646,-1.3838031,-1.640611,-1.8428435,-1.4345319,1.3309491,1.8434906,-1.2401057,-1.4087238,-1.3619009,-1.1162683,-1.1926061,-1.1031339,1.4761726,-1.2390023,-1.4075831,-1.1694337,1.6650711,-1.2030497,1.7091652,-1.1018236,-1.0596637
