data_1,data_2,data_3,data_4,data_5,data_6,data_7,data_8,data_9,data_10
1.3905962,2.1059628,1.3828554,1.3710406,-1.6464003,1.7640712,-1.4955533,1.3678033,1.8108122,1.7736522
