data_1,data_2,data_3,data_4,data_5,data_6,data_7,data_8,data_9,data_10,data_11,data_12,data_13,data_14,data_15,data_16,data_17,data_18,data_19,data_20,data_21,data_22,data_23,data_24,data_25,data_26,data_27,data_28,data_29,data_30,data_31,data_32,data_33,data_34,data_35,data_36,data_37,data_38,data_39,data_40,data_41,data_42,data_43,data_44,data_45,data_46,data_47,data_48,data_49,data_50,data_51,data_52,data_53,data_54,data_55,data_56,data_57,data_58,data_59,data_60,data_61,data_62,data_63,data_64,data_65,data_66,data_67,data_68,data_69,data_70,data_71,data_72,data_73,data_74,data_75,data_76,data_77,data_78,data_79,data_80,data_81,data_82,data_83,data_84,data_85,data_86,data_87,data_88,data_89,data_90,data_91,data_92,data_93,data_94,data_95,data_96,data_97,data_98,data_99,data_100
1.4464449,1.8390905,1.4868184,1.4609164,1.6211028,1.9195508,-1.5177845,1.5563009,1.4551548,1.4728844,-1.4533528,1.4771192,1.54151,1.4653904,1.4894217,-1.492559,-1.4233584,1.7741565,1.5059444,1.5368937,-1.6858524,-1.6892524,1.5361325,-1.4703934,1.9105306,1.5312016,1.7771097,1.5406033,-1.4978181,-1.5186617,1.5222713,-1.7036937,1.4920728,1.4529159,1.5726515,1.5692394,1.4343137,1.4292476,1.4814199,1.7743046,-1.5062447,1.4799341,1.4845903,1.5191052,-1.733221,1.6078722,-1.5010937,-1.4686748,-1.4334432,-1.4815211,-2.1248708,1.4480227,1.5030714,-1.4761566,1.4300438,-1.7647303,1.4472406,1.4561195,1.6668453,1.8067778,-1.7122136,1.4269185,1.4818219,1.5860305,1.4364268,-1.5372055,1.4664418,1.5613831,-1.5158026,-1.5838499,1.6663119,-1.53593,-2.2655632,1.5181669,1.435995,1.4468908,1.6744128,1.4820135,1.432958,1.6463896,1.4240499,-1.4477183,1.452077,-1.5692942,1.5174451,1.457013,1.5999634,1.5382587,-1.4334447,1.4570619,1.5235083,1.445384,1.9217513,1.6828384,-1.467014,1.4593432,-1.6854485,1.5057772,1.6547673,1.4342864
