data_1,data_2,data_3,data_4,data_5,data_6,data_7,data_8,data_9,data_10
-0.8360848,-0.8027618,1.0620289,0.9425713,-0.78875977,0.80132335,-0.82473373,-0.84614456,1.0186993,1.1583257
