data_1,data_2,data_3,data_4,data_5,data_6,data_7,data_8,data_9,data_10
1.1782774,1.0827174,1.227628,1.1649135,1.1161495,1.0935261,1.0144293,1.5240237,1.0558344,1.0271407
