data_1,data_2,data_3,data_4,data_5,data_6,data_7,data_8,data_9,data_10,data_11,data_12,data_13,data_14,data_15,data_16,data_17,data_18,data_19,data_20
33.744057,4.693613,0.25405964,1.4024605,10.051059,76.801796,0.23994973,0.65996903,4.005821,50.495,0.9506848,205.75142,23.48788,2.715416,0.6718309,44.17633,55.916847,7.49608,1.1645263,1.786577
