$\alpha$,$\beta$,$\gamma$,$\delta$
1.1041589,0.030006457,1.0085586,0.06784869
