data_1,data_2,data_3,data_4,data_5,data_6,data_7,data_8,data_9,data_10
1.0471346,0.5566712,-0.23618454,0.027879834,-1.0051446,-0.007930746,0.06117077,-0.29286885,-0.38539964,0.2449614
