parameter_1,parameter_2,parameter_3,parameter_4,parameter_5,parameter_6,parameter_7,parameter_8,parameter_9,parameter_10
0.27184236,0.6762953,0.17189318,-0.04218617,-0.82151634,0.024290232,-0.24255924,-0.16438946,-0.13595216,0.26958188
