data_1,data_2,data_3,data_4,data_5,data_6,data_7,data_8,data_9,data_10,data_11,data_12,data_13,data_14,data_15,data_16,data_17,data_18,data_19,data_20,data_21,data_22,data_23,data_24,data_25,data_26,data_27,data_28,data_29,data_30,data_31,data_32,data_33,data_34,data_35,data_36,data_37,data_38,data_39,data_40,data_41,data_42,data_43,data_44,data_45,data_46,data_47,data_48,data_49,data_50,data_51,data_52,data_53,data_54,data_55,data_56,data_57,data_58,data_59,data_60,data_61,data_62,data_63,data_64,data_65,data_66,data_67,data_68,data_69,data_70,data_71,data_72,data_73,data_74,data_75,data_76,data_77,data_78,data_79,data_80,data_81,data_82,data_83,data_84,data_85,data_86,data_87,data_88,data_89,data_90,data_91,data_92,data_93,data_94,data_95,data_96,data_97,data_98,data_99,data_100
-1.3978548,1.4004709,1.3692458,1.3720666,1.3749715,-1.482911,1.3975579,-1.398303,1.3773361,-1.3952291,1.5642955,1.3816317,1.3811177,1.507318,1.3684858,-1.4064875,1.3647454,-1.4678173,1.3720863,1.4276667,-1.4466177,1.3930539,1.4163744,1.4282306,-1.4062995,-1.4260895,1.4177505,1.4118384,-1.4265214,1.3793652,1.3864048,1.3747053,1.3749267,-1.4426175,1.4025041,1.3875684,-1.4550545,-1.3931079,1.3915358,1.3995441,-1.5279653,-1.4700143,1.37401,1.366343,1.3742379,-1.4324481,1.3693626,-1.4234842,-1.390762,-1.5845605,-1.3818754,-1.4176052,1.5454447,1.3652941,-1.4443972,-1.4464998,1.5159489,1.4009488,-1.4512596,1.403491,1.4128379,1.3695947,-1.4026972,1.4211533,1.4262545,1.6455059,1.3678071,-1.4395907,-1.3950675,-1.4565622,1.3673434,-1.437627,1.4317651,-1.3886112,1.4487077,1.3892536,-1.4765134,1.3954098,1.4555138,1.4427058,-1.5987078,1.3779321,1.3738168,1.3831643,1.4166913,-1.4188615,1.4549416,1.384811,1.3654748,-1.4194225,1.3784407,-1.4603262,1.4172087,-1.4120196,-1.4810917,1.4045105,-1.4104261,1.3693326,1.3768595,-1.4315197
