data_1,data_2,data_3,data_4,data_5,data_6,data_7,data_8,data_9,data_10
-1.1217812,0.090078756,0.67020655,-0.31719723,-0.1833409,-0.48315385,0.5459728,0.92876196,0.23659813,-0.10014519
