parameter_1,parameter_2,parameter_3,parameter_4,parameter_5,parameter_6,parameter_7,parameter_8,parameter_9,parameter_10
-0.8023417,0.011640668,0.4937837,0.12288535,-0.8193135,-0.30012524,0.15650165,0.87042105,-0.17070031,0.05518043
