data_1,data_2,data_3,data_4,data_5,data_6,data_7,data_8,data_9,data_10
-1.6612982,1.66292,-1.7687188,-1.7409745,-1.6119232,1.7437382,1.6930166,-1.6850328,1.6318543,-1.6992589
