data_1,data_2,data_3,data_4,data_5,data_6,data_7,data_8,data_9,data_10
56.0,3.32306,14.356438,11.104893,-4.167525,-18.507809,-21.917496,-9.553517,-0.357257,-5.497825
