parameter_1,parameter_2,parameter_3,parameter_4,parameter_5,parameter_6,parameter_7,parameter_8,parameter_9,parameter_10
1.215716,2.1386335,3.6156292,3.3703978,0.3342961,-1.5749966,-2.4357948,-2.1009881,-1.1669482,0.3189116
