data_1,data_2,data_3,data_4,data_5,data_6,data_7,data_8,data_9,data_10,data_11,data_12,data_13,data_14,data_15,data_16,data_17,data_18,data_19,data_20,data_21,data_22,data_23,data_24,data_25,data_26,data_27,data_28,data_29,data_30,data_31,data_32,data_33,data_34,data_35,data_36,data_37,data_38,data_39,data_40,data_41,data_42,data_43,data_44,data_45,data_46,data_47,data_48,data_49,data_50,data_51,data_52,data_53,data_54,data_55,data_56,data_57,data_58,data_59,data_60,data_61,data_62,data_63,data_64,data_65,data_66,data_67,data_68,data_69,data_70,data_71,data_72,data_73,data_74,data_75,data_76,data_77,data_78,data_79,data_80,data_81,data_82,data_83,data_84,data_85,data_86,data_87,data_88,data_89,data_90,data_91,data_92,data_93,data_94,data_95,data_96,data_97,data_98,data_99,data_100
1.4390858,1.2795962,-1.3064859,1.3405205,-1.447826,1.4146831,1.3040304,-1.6803684,1.5545944,-1.329806,-1.377167,1.2862638,-1.6177545,-1.4988883,1.3400421,1.3106927,1.455756,1.3331127,1.7341318,-1.3239646,1.545908,-1.4031737,1.3237383,-1.3081177,-1.3335112,1.3118509,-1.3475127,-1.4846933,-1.3731016,-1.3490211,-1.5182471,-1.375,-1.8083439,1.3785249,1.282215,1.4310359,-1.3444622,-1.4748045,1.2704788,1.2884495,-1.2995698,-1.3234633,1.3268476,1.7538726,-1.4395016,-1.4370266,-1.37883,1.4691808,1.4681541,1.3241023,1.405049,-1.3917598,1.3056074,1.2822652,-1.5187001,1.3176976,1.2930967,1.3493468,-1.5136,1.4346333,1.2812675,1.3326414,1.3155144,1.3587943,1.4810504,1.3238493,-1.4578288,1.441025,1.2747067,1.31865,1.45561,-1.4501563,1.2864058,-1.5205545,1.2941799,-1.2900385,1.3359066,1.3353504,-1.3708109,-1.2810613,1.3436385,1.6085098,1.3906835,1.5982971,1.3015158,-1.4941812,1.3743128,-1.3661572,1.487508,1.4646572,-1.4530356,1.2780665,-1.4160275,1.2687691,1.2722023,1.3392813,-1.3882693,1.3357915,1.3477038,-1.3547502
