data_1,data_2,data_3,data_4,data_5,data_6,data_7,data_8,data_9,data_10,data_11,data_12,data_13,data_14,data_15,data_16,data_17,data_18,data_19,data_20,data_21,data_22,data_23,data_24,data_25,data_26,data_27,data_28,data_29,data_30,data_31,data_32,data_33,data_34,data_35,data_36,data_37,data_38,data_39,data_40,data_41,data_42,data_43,data_44,data_45,data_46,data_47,data_48,data_49,data_50,data_51,data_52,data_53,data_54,data_55,data_56,data_57,data_58,data_59,data_60,data_61,data_62,data_63,data_64,data_65,data_66,data_67,data_68,data_69,data_70,data_71,data_72,data_73,data_74,data_75,data_76,data_77,data_78,data_79,data_80,data_81,data_82,data_83,data_84,data_85,data_86,data_87,data_88,data_89,data_90,data_91,data_92,data_93,data_94,data_95,data_96,data_97,data_98,data_99,data_100
-0.6760785,0.6074408,-0.6590693,-0.81441784,-1.2619061,0.57710004,1.4345369,0.85925364,2.2226179,0.66407514,-0.75828916,0.7392165,0.87516475,-0.8829709,-1.191766,0.58617055,-0.60832494,0.7297281,0.96013033,-0.63240594,0.69935894,-0.6305246,0.70732373,-0.5772165,-0.8354821,-0.8487424,-0.56049573,-0.88273853,-0.6092887,-0.78444153,-0.6587233,-0.66785693,-1.2177644,0.58622575,-0.6654558,0.546617,-0.84767044,0.8591461,-0.7512188,-0.56906694,0.6257129,1.1144471,-0.8948319,-0.903123,0.8157703,0.6933652,-1.121554,0.5827869,0.6655137,-0.61124325,-0.6910971,1.0302726,-1.0997895,0.75173545,-0.592104,0.7815373,1.586111,1.0076444,0.586156,0.9807532,0.7046789,0.59285766,0.61848706,-0.88714826,-0.65171117,0.55581737,-0.6677142,-0.71839386,0.91648585,-0.95470643,-0.5869851,0.8891063,0.68134165,1.0490688,0.8701909,-0.98160565,-0.593463,-1.8914677,0.69772476,-0.6736314,0.68691814,0.66032857,1.1255113,-0.5496076,-0.61612934,0.65966713,-0.74054986,-0.6007128,-0.7857691,0.798345,0.79064345,1.954369,-0.6939481,-0.61668617,-0.8295606,0.6729842,-0.64808464,-0.9755188,0.84995294,-0.64925665
