$\beta$,$\gamma$
0.31108916,0.11836065
