data_1,data_2,data_3,data_4,data_5,data_6,data_7,data_8,data_9,data_10,data_11,data_12,data_13,data_14,data_15,data_16,data_17,data_18,data_19,data_20
30.08668,2.746265,0.5838125,1.142794,3.2575288,8.075945,23.771442,5.4086976,0.4585322,0.987719,0.91488636,66.98573,10.695971,1.1389576,0.2448028,0.10622074,0.6781424,62.156113,12.377046,1.5941441
