$\alpha$,$\beta$,$\gamma$,$\delta$
0.52359414,0.04218707,1.0599382,0.11769616
