parameter_1,parameter_2,parameter_3,parameter_4
21.303925,75.42117,5.9643235,10.611828
