data_1,data_2,data_3,data_4,data_5,data_6,data_7,data_8,data_9,data_10,data_11,data_12,data_13,data_14,data_15,data_16,data_17,data_18,data_19,data_20,data_21,data_22,data_23,data_24,data_25,data_26,data_27,data_28,data_29,data_30,data_31,data_32,data_33,data_34,data_35,data_36,data_37,data_38,data_39,data_40,data_41,data_42,data_43,data_44,data_45,data_46,data_47,data_48,data_49,data_50,data_51,data_52,data_53,data_54,data_55,data_56,data_57,data_58,data_59,data_60,data_61,data_62,data_63,data_64,data_65,data_66,data_67,data_68,data_69,data_70,data_71,data_72,data_73,data_74,data_75,data_76,data_77,data_78,data_79,data_80,data_81,data_82,data_83,data_84,data_85,data_86,data_87,data_88,data_89,data_90,data_91,data_92,data_93,data_94,data_95,data_96,data_97,data_98,data_99,data_100
-69.82405,-17.924154,-51.485,-33.549603,50.28094,4.911801,13.92262,-23.694752,65.43288,9.37666,-8.440977,12.194774,-31.508114,-55.420692,62.33328,-37.54294,-1.7389069,-25.770779,49.10096,-33.619812,-23.375856,0.09953671,-1.6371447,-1.5622597,-82.87517,12.217949,13.432176,-118.48257,8.317018,-53.95957,-97.5057,-54.38311,-81.85611,-0.037302777,-73.2659,-52.317623,-60.031773,-49.000397,-46.25523,-31.66598,-30.865328,-28.7593,-3.683134,-0.48169664,-37.132915,18.293858,-28.731565,43.241325,-1.3816373,-44.41315,-21.385841,20.715221,22.797995,-14.891124,-16.266546,145.12978,55.70408,1.0071944,-4.658129,9.88745,-10.388537,-55.70063,4.2981544,8.649879,-38.55641,-42.314114,-83.848076,0.031204943,32.030815,3.1281843,-185.6473,-49.63784,30.518284,31.231194,96.184105,-6.2471805,-0.549087,4.3844557,25.932224,20.711805,66.62361,47.940395,-34.86862,-46.167156,-10.59373,152.8146,37.406395,61.94481,-67.921936,55.484787,0.0309663,9.287369,12.757175,5.60974,35.62857,30.121275,12.548256,-20.595243,-11.7798195,8.632934
