parameter_1,parameter_2,parameter_3,parameter_4,parameter_5
-2.407025,0.034922123,1.4813509,0.36865616,-2.4579406
