data_1,data_2,data_3,data_4,data_5,data_6,data_7,data_8
3.5023372,5.254722,8.685451,9.995327,0.40782332,-5.7111573,10.605566,12.695774
