data_1,data_2,data_3,data_4,data_5,data_6,data_7,data_8,data_9,data_10,data_11,data_12,data_13,data_14,data_15,data_16,data_17,data_18,data_19,data_20,data_21,data_22,data_23,data_24,data_25,data_26,data_27,data_28,data_29,data_30,data_31,data_32,data_33,data_34,data_35,data_36,data_37,data_38,data_39,data_40,data_41,data_42,data_43,data_44,data_45,data_46,data_47,data_48,data_49,data_50,data_51,data_52,data_53,data_54,data_55,data_56,data_57,data_58,data_59,data_60,data_61,data_62,data_63,data_64,data_65,data_66,data_67,data_68,data_69,data_70,data_71,data_72,data_73,data_74,data_75,data_76,data_77,data_78,data_79,data_80,data_81,data_82,data_83,data_84,data_85,data_86,data_87,data_88,data_89,data_90,data_91,data_92,data_93,data_94,data_95,data_96,data_97,data_98,data_99,data_100
-15.812387,11.314674,-23.064444,-29.834259,-41.81029,16.013163,36.398403,-28.133718,9.832526,50.141533,-29.068703,-16.841368,7.9624496,-34.91652,-23.179207,31.987211,10.605566,6.5204616,-2.0324066,5.556955,56.33749,-5.7111573,3.5023372,8.685451,-7.6987314,20.171953,21.673088,-11.103534,15.490363,20.256807,-21.644917,12.902964,35.54816,5.254722,50.250023,1.8071662,-1.6757321,-9.553223,-24.959314,8.248708,-2.4982035,23.3147,0.40782332,-4.099437,9.234786,26.971422,60.455925,45.638126,19.528782,-33.636425,-2.1064413,-2.4585474,-12.749957,26.410269,-17.731007,5.0332956,-22.401049,-2.8309953,44.37119,37.897575,-13.259918,-24.676115,-31.345003,10.765528,1.0352088,-2.5672936,-21.636688,9.995327,-20.262875,-4.238261,-4.13466,-17.215515,-7.461251,-50.98581,9.94681,16.191502,-46.455414,-58.15547,-5.493066,-3.154848,-12.828581,37.698498,27.523916,6.536381,35.722248,-42.52767,8.658545,-23.276148,-49.72186,60.221542,12.695774,21.857864,-20.279284,29.9626,-6.0394535,-12.87143,23.740852,-23.639399,-25.734129,3.1649394
