data_1,data_2,data_3,data_4,data_5,data_6,data_7,data_8,data_9,data_10
-0.5833155,-0.62005305,0.5040657,-0.9087388,-0.5666596,-0.561567,0.5473437,-0.5726358,-0.72331935,-0.5347086
