data_1,data_2,data_3,data_4,data_5,data_6,data_7,data_8,data_9,data_10,data_11,data_12,data_13,data_14,data_15,data_16,data_17,data_18,data_19,data_20,data_21,data_22,data_23,data_24,data_25,data_26,data_27,data_28,data_29,data_30,data_31,data_32,data_33,data_34,data_35,data_36,data_37,data_38,data_39,data_40,data_41,data_42,data_43,data_44,data_45,data_46,data_47,data_48,data_49,data_50,data_51,data_52,data_53,data_54,data_55,data_56,data_57,data_58,data_59,data_60,data_61,data_62,data_63,data_64,data_65,data_66,data_67,data_68,data_69,data_70,data_71,data_72,data_73,data_74,data_75,data_76,data_77,data_78,data_79,data_80,data_81,data_82,data_83,data_84,data_85,data_86,data_87,data_88,data_89,data_90,data_91,data_92,data_93,data_94,data_95,data_96,data_97,data_98,data_99,data_100
-1.5566516,1.9009068,-2.124865,-2.6206126,-1.9684163,-2.9727178,-2.5289943,-2.1740682,-1.8540466,1.8322848,-3.1626458,-1.5454396,-1.7082101,-1.5688728,-1.610183,-1.4142326,-1.4015405,2.2253668,-1.4948773,-1.6238949,-2.075643,-1.5739794,1.7323632,-1.6368618,-1.450312,2.125476,-1.593809,-1.6850373,-1.6958572,-1.668399,-2.738279,-3.9178998,-1.6566654,-2.2681522,-1.588316,-1.8143389,1.8864422,-2.7565622,1.89597,1.9440823,-1.4930782,-2.0385072,2.0305278,-1.4454191,-1.9345628,-2.6844888,-3.5043793,-1.8509443,-1.389777,-1.5581601,-1.4672198,-1.4451076,-2.1796148,-1.4759592,3.2105474,-1.7300072,-1.7126582,-1.8402187,-1.5981319,-1.6996728,-1.7109846,-2.2594755,-1.78654,-2.3958664,1.7962366,-1.6415476,-2.0822403,-1.8008298,-3.731864,-1.4102697,-2.0491908,-1.4433382,-1.6136183,-1.9546216,-2.0655515,-2.0910168,1.6532321,-1.7444866,-1.4176176,-3.1179628,2.0517085,1.9293993,-2.2425437,-2.1856828,1.7409279,-1.7021319,-1.642612,2.4012144,-1.9092846,-1.4483472,-2.7148356,-2.0369103,-1.3931067,-1.6308705,-1.6988623,1.9552795,-2.4865363,-1.4830056,-1.567866,-2.8077593
