data_1,data_2,data_3,data_4,data_5,data_6,data_7,data_8,data_9,data_10
-1.005083,1.045706,-0.6935316,2.2193384,1.1835259,-1.1829809,1.7418594,-0.7320801,0.7505643,-0.8628812
