data_1,data_2,data_3,data_4,data_5,data_6,data_7,data_8,data_9,data_10
1.037611,-1.1861056,-1.2254412,-1.1600004,-1.2393613,-1.1379806,-1.0322078,-1.364111,-1.1941295,-1.4879427
