data_1,data_2,data_3,data_4,data_5,data_6,data_7,data_8,data_9,data_10
-1.4738309,-1.6157237,-1.2970093,1.3174534,-1.2628299,-1.3787588,-1.3124089,1.6160202,-1.2578228,-1.8167967
