parameter_1,parameter_2,parameter_3,parameter_4
56.934864,49.906883,2.561526,8.548353
