parameter_1,parameter_2,parameter_3,parameter_4
21.418789,45.55487,14.912247,12.066019
