data_1,data_2,data_3,data_4,data_5,data_6,data_7,data_8,data_9,data_10,data_11,data_12,data_13,data_14,data_15,data_16,data_17,data_18,data_19,data_20,data_21,data_22,data_23,data_24,data_25,data_26,data_27,data_28,data_29,data_30,data_31,data_32,data_33,data_34,data_35,data_36,data_37,data_38,data_39,data_40,data_41,data_42,data_43,data_44,data_45,data_46,data_47,data_48,data_49,data_50,data_51,data_52,data_53,data_54,data_55,data_56,data_57,data_58,data_59,data_60,data_61,data_62,data_63,data_64,data_65,data_66,data_67,data_68,data_69,data_70,data_71,data_72,data_73,data_74,data_75,data_76,data_77,data_78,data_79,data_80,data_81,data_82,data_83,data_84,data_85,data_86,data_87,data_88,data_89,data_90,data_91,data_92,data_93,data_94,data_95,data_96,data_97,data_98,data_99,data_100
-0.59386384,0.9588316,1.2404194,1.2390394,0.7685714,-0.82388836,-0.7612668,0.85780704,-0.50450134,-0.59114414,0.9248678,1.4861789,-0.9241214,-0.66462404,1.643845,-0.5899089,-0.94599193,3.3849633,-1.8126642,-0.600476,-0.9015966,0.9061619,1.2612933,0.65154636,2.3759646,-0.48799157,1.3207363,0.7099085,1.4881166,2.1223893,1.5690647,0.7068957,0.79263675,-0.53842807,1.9987664,-0.6219841,-0.8709496,-0.53853786,-0.57705474,-0.70480597,1.5981661,-1.2428889,1.8344841,-1.8283086,-0.75834334,1.074404,-0.5685695,1.2757679,-0.686258,-0.8676019,1.0375633,-0.5703206,-0.6192741,1.1017085,-1.8238852,1.5966929,-0.772604,-0.93419296,-1.0501513,1.581729,-1.1875163,-1.2589937,-0.6449021,-0.6137295,-1.3825934,-2.0207064,-1.4603211,0.9553975,1.0120162,-0.6031786,-0.51665044,-0.82925767,-0.4866008,-0.681329,-0.6427456,-1.0251403,-0.7304508,0.9063786,0.5033022,1.2670248,1.1848001,-1.5306468,-1.6839714,-0.8956921,-0.7836149,-1.3214878,-0.5481301,-0.7966763,-0.5878531,-0.81273997,-0.6016787,2.326654,1.0897908,-1.0530635,-0.5864387,-0.57660055,-0.583393,-0.9383824,-0.5368887,-0.50117695
