data_1,data_2,data_3,data_4,data_5,data_6,data_7,data_8,data_9,data_10
1.5541819,1.6121268,1.5580192,1.6136706,1.5559374,2.0237236,1.5369871,1.5957229,1.5859941,1.5746006
