parameter_1,parameter_2,parameter_3,parameter_4
37.12925,79.40213,3.2026415,14.968539
