data_1,data_2,data_3,data_4,data_5,data_6,data_7,data_8,data_9,data_10
-1.9622375,2.0528367,-1.5029844,1.871242,-1.7900653,-1.5931857,-2.325667,1.582247,1.7095387,-1.5932767
