data_1,data_2,data_3,data_4,data_5,data_6,data_7,data_8,data_9,data_10
1.2108014,1.2920417,-1.3320433,-1.2073594,1.2165207,1.4004741,1.1981816,-1.3060887,1.3200389,1.3785334
