data_1,data_2,data_3,data_4,data_5,data_6,data_7,data_8,data_9,data_10
0.75883734,0.67570436,1.4189012,1.5751213,0.62894034,0.59391105,0.98554677,1.3990607,0.95658255,0.77868897
