data_1,data_2,data_3,data_4,data_5,data_6,data_7,data_8,data_9,data_10,data_11,data_12,data_13,data_14,data_15,data_16,data_17,data_18,data_19,data_20,data_21,data_22,data_23,data_24,data_25,data_26,data_27,data_28,data_29,data_30,data_31,data_32,data_33,data_34,data_35,data_36,data_37,data_38,data_39,data_40,data_41,data_42,data_43,data_44,data_45,data_46,data_47,data_48,data_49,data_50,data_51,data_52,data_53,data_54,data_55,data_56,data_57,data_58,data_59,data_60,data_61,data_62,data_63,data_64,data_65,data_66,data_67,data_68,data_69,data_70,data_71,data_72,data_73,data_74,data_75,data_76,data_77,data_78,data_79,data_80,data_81,data_82,data_83,data_84,data_85,data_86,data_87,data_88,data_89,data_90,data_91,data_92,data_93,data_94,data_95,data_96,data_97,data_98,data_99,data_100
1.4180833,1.1761726,-1.358594,1.211896,1.1169025,1.215299,1.3105563,1.0920943,1.2511706,1.270115,1.1630167,1.3411574,1.1380349,1.2079197,1.3430717,-1.299429,1.1850352,1.1949478,1.4143293,1.3123467,1.538966,-1.2661752,1.1330782,1.4320426,1.3795203,1.4263926,1.0936471,-1.2572898,1.1604087,1.5289446,1.2801863,-1.2652241,1.1486362,1.1383988,1.3641738,1.1105291,1.0955999,1.1749562,-1.3167965,1.3418869,1.2238295,-1.4280562,-1.5179824,-1.271572,-1.1319376,1.2773987,1.5701678,1.1149999,1.2587899,1.1608585,-1.487876,1.127303,1.3786418,-1.2185651,1.1407316,1.1242197,1.1452674,1.2035313,1.2530746,1.1868063,1.2984492,1.1656063,-1.6619828,1.5012321,1.1752388,1.1280788,2.2473094,1.3766978,1.2391489,1.3370181,1.1066507,-1.8361075,-1.1769711,1.1815099,1.2667824,1.5501888,1.159452,1.1393082,1.1223452,1.3515694,-1.3301456,1.1752509,1.2736496,1.2045126,-1.704269,1.2100775,-1.6135426,1.2544769,1.2052736,-1.2496073,1.1167837,1.0837862,1.2245464,1.2571747,1.728486,1.5477026,1.1424453,1.405339,-1.4533441,1.2955667
