data_1,data_2,data_3,data_4,data_5,data_6,data_7,data_8,data_9,data_10
0.9184366,-0.67940015,-0.7814642,-0.6494852,0.9344407,0.6829959,0.67117256,0.85279274,0.9024253,0.9756105
