data_1,data_2,data_3,data_4,data_5,data_6,data_7,data_8,data_9,data_10
-0.7517734,-0.66069114,-0.69112414,0.67121047,-0.82631636,-0.8113393,-0.757974,-0.8370024,-0.73027027,0.5634216
