data_1,data_2
0.0030109584,-0.6457662
