parameter_1,parameter_2
0.73016036,-0.3217839
