data_1,data_2,data_3,data_4,data_5,data_6,data_7,data_8,data_9,data_10
0.90114164,0.92175764,-0.934306,-0.89943033,0.8637066,-0.88578653,0.9253109,-1.0658334,-0.94418025,0.9497779
