data_1,data_2,data_3,data_4,data_5,data_6,data_7,data_8,data_9,data_10,data_11,data_12,data_13,data_14,data_15,data_16,data_17,data_18,data_19,data_20,data_21,data_22,data_23,data_24,data_25,data_26,data_27,data_28,data_29,data_30,data_31,data_32,data_33,data_34,data_35,data_36,data_37,data_38,data_39,data_40,data_41,data_42,data_43,data_44,data_45,data_46,data_47,data_48,data_49,data_50,data_51,data_52,data_53,data_54,data_55,data_56,data_57,data_58,data_59,data_60,data_61,data_62,data_63,data_64,data_65,data_66,data_67,data_68,data_69,data_70,data_71,data_72,data_73,data_74,data_75,data_76,data_77,data_78,data_79,data_80,data_81,data_82,data_83,data_84,data_85,data_86,data_87,data_88,data_89,data_90,data_91,data_92,data_93,data_94,data_95,data_96,data_97,data_98,data_99,data_100
1.0261493,0.9579697,1.0093259,0.8787624,1.3703403,0.8923759,0.9731217,0.87623054,1.0281727,0.98663586,2.0744822,1.5945776,1.0551851,0.97455096,0.9877813,1.0521524,0.92199445,0.8334059,1.3422813,0.9687607,1.1278282,1.6989882,0.8827951,1.0086217,0.9848944,0.9244694,1.0916661,0.9075753,0.8644692,-1.0918702,0.97130203,0.9685278,1.0738024,0.8512085,1.1170105,0.905127,1.074785,0.85041887,1.1770595,1.5550578,1.3134831,0.89208096,1.0075037,1.1305121,1.0067465,0.9818179,1.062463,1.121579,0.9182956,0.87984246,1.1151042,1.1871741,1.393627,1.0597591,1.5391049,1.0392424,1.2897851,0.88073003,1.4106618,1.5413036,0.89453256,0.9910736,0.94907755,0.8651784,0.9124535,0.90424925,0.92884815,0.91566885,0.89861286,1.1464828,1.3097901,-1.0932347,0.89652145,1.0307533,1.0013051,1.0812201,0.9031711,0.85787565,0.8722193,1.0057659,0.9609565,0.93068844,0.871475,1.0908585,1.1020813,1.1997212,0.9538104,0.94038546,1.0552744,1.0686793,0.9941809,0.9156897,0.95800495,1.4149666,0.84985906,0.83016574,1.1220248,0.97538877,1.0468234,1.4841335
