data_1,data_2,data_3,data_4,data_5,data_6,data_7,data_8,data_9,data_10
-0.16127616,-1.227219,-0.094550796,0.16520452,0.62588596,0.31528804,-1.0753651,0.1274876,-0.31232044,-0.6503956
