parameter_1,parameter_2,parameter_3,parameter_4,parameter_5,parameter_6,parameter_7,parameter_8,parameter_9,parameter_10
0.29568693,-0.87399215,-0.08688919,0.15754443,0.24703713,0.3069163,-0.5726556,-0.011553854,-0.0880848,-0.3792606
