data_1,data_2,data_3,data_4,data_5,data_6,data_7,data_8,data_9,data_10
-1.6575036,-1.6682351,-1.838573,-1.760857,-1.9541153,1.8181595,-2.1535153,-2.001639,-1.7497189,-1.871111
