data_1,data_2,data_3,data_4,data_5,data_6,data_7,data_8,data_9,data_10
0.54085356,0.52206737,-0.5563507,-0.526275,-0.61714727,0.59530246,-0.5551701,0.8342335,0.6342377,0.5299103
