data_1,data_2,data_3,data_4,data_5,data_6,data_7,data_8,data_9,data_10
-0.5577458,0.14209919,-0.6500296,0.9244957,0.70007527,0.743738,0.09592885,0.5875819,0.45902732,0.42756116
