parameter_1,parameter_2,parameter_3,parameter_4,parameter_5,parameter_6,parameter_7,parameter_8,parameter_9,parameter_10
-0.6377127,0.0018655062,-0.47496068,0.5964273,0.740837,0.7891394,0.44359863,0.9471376,0.48177147,0.7264427
