data_1,data_2,data_3,data_4,data_5,data_6,data_7,data_8,data_9,data_10
-0.94817656,0.585645,0.6039243,-0.5672502,0.6643539,-0.88631016,-0.5974391,-0.6154243,-0.64303803,0.7416542
