data_1,data_2
0.13603824,0.9160449
