parameter_1,parameter_2
-0.7995198,0.49675143
