data_1,data_2,data_3,data_4,data_5,data_6,data_7,data_8,data_9,data_10,data_11,data_12,data_13,data_14,data_15,data_16,data_17,data_18,data_19,data_20,data_21,data_22,data_23,data_24,data_25,data_26,data_27,data_28,data_29,data_30,data_31,data_32,data_33,data_34,data_35,data_36,data_37,data_38,data_39,data_40,data_41,data_42,data_43,data_44,data_45,data_46,data_47,data_48,data_49,data_50,data_51,data_52,data_53,data_54,data_55,data_56,data_57,data_58,data_59,data_60,data_61,data_62,data_63,data_64,data_65,data_66,data_67,data_68,data_69,data_70,data_71,data_72,data_73,data_74,data_75,data_76,data_77,data_78,data_79,data_80,data_81,data_82,data_83,data_84,data_85,data_86,data_87,data_88,data_89,data_90,data_91,data_92,data_93,data_94,data_95,data_96,data_97,data_98,data_99,data_100
1.5562952,1.4191685,2.0250409,1.8027571,1.4329162,1.3981397,1.648609,-1.3896949,1.5437981,2.3468912,1.5964264,-1.4344144,2.0166254,1.4645797,1.3626606,1.7453102,1.7373942,1.7807423,1.3116101,1.4960771,1.8273538,2.555135,1.5045987,1.3564382,1.9460945,-2.4518003,1.5464224,1.4720354,1.5285772,2.18045,1.7597389,-2.3041544,1.5627601,3.2082553,1.3864955,1.6412534,1.5545022,-1.4230038,1.4388304,1.9535997,1.5626119,2.3152294,1.3032964,1.3514975,2.3086636,2.7903337,1.9747232,1.6215229,2.1212554,1.6639037,1.758584,1.7466763,2.530396,-1.7206323,1.3383974,1.6792415,1.8311971,1.5220009,-1.3969536,-1.6004125,1.3907512,1.7305372,2.2859776,1.6788586,-1.9389603,1.9166667,1.3745086,1.6847718,1.9131978,1.6453835,1.4593681,1.7466365,2.6494288,-1.486595,1.3045903,1.8506231,1.4851669,1.5879927,1.7616074,2.33924,1.5768338,1.6003264,1.3929654,1.3279921,1.7728102,1.5737598,1.5514059,-1.7398216,1.8231249,1.5143198,1.8651491,1.3433385,1.9379073,1.3945336,1.4069237,1.4927789,2.3975496,1.5366484,1.3238311,1.8997762
