data_1,data_2,data_3,data_4,data_5,data_6,data_7,data_8,data_9,data_10,data_11,data_12,data_13,data_14,data_15,data_16,data_17,data_18,data_19,data_20,data_21,data_22,data_23,data_24,data_25,data_26,data_27,data_28,data_29,data_30,data_31,data_32,data_33,data_34,data_35,data_36,data_37,data_38,data_39,data_40,data_41,data_42,data_43,data_44,data_45,data_46,data_47,data_48,data_49,data_50,data_51,data_52,data_53,data_54,data_55,data_56,data_57,data_58,data_59,data_60,data_61,data_62,data_63,data_64,data_65,data_66,data_67,data_68,data_69,data_70,data_71,data_72,data_73,data_74,data_75,data_76,data_77,data_78,data_79,data_80,data_81,data_82,data_83,data_84,data_85,data_86,data_87,data_88,data_89,data_90,data_91,data_92,data_93,data_94,data_95,data_96,data_97,data_98,data_99,data_100
-1.4137552,-0.9177345,-2.0561764,0.60553044,1.3875154,-0.66012836,-0.78533787,-0.596567,-0.80529493,-0.8552052,0.74898225,-1.0603496,-1.8622152,-0.6789241,0.61765224,1.8606365,-1.0290198,-1.0351565,0.5222632,-0.8736248,-0.7848279,-0.6606454,-0.6719508,-1.7429632,-0.75988454,0.59799796,-0.8500629,0.60336685,-0.5093611,2.218645,-0.720558,-0.5430589,-0.8503009,0.6181966,1.2707492,-0.80169266,-1.0150094,1.0639325,-1.2842729,-0.99628985,0.6393941,0.86770594,-0.6136455,0.652658,-0.9590468,1.4418546,1.0349512,0.6257235,0.5233568,0.60247415,0.6388912,-1.9384296,0.65449876,-0.8419831,-0.65068436,0.77721417,0.5414161,-1.1847374,0.74189067,-0.6270978,0.6726298,-0.8609586,1.211835,-0.64872104,-1.3082016,-0.9668818,1.6577255,-0.63365626,0.9204639,-1.2000277,1.0510198,0.8223156,-0.7633894,-0.9194758,1.3083906,-0.56441873,0.8241921,1.1221488,-0.6265484,1.1391388,-0.82453674,-0.6063508,-0.7695173,0.7396474,-0.91033775,1.2119246,1.6178471,0.80597895,0.9129704,2.3534613,0.56999433,-1.68176,0.7291593,-0.6152716,-0.90319586,0.9406094,-1.0963367,3.5208976,-0.63544035,-0.82989836
