data_1,data_2,data_3,data_4,data_5,data_6,data_7,data_8,data_9,data_10
-0.53739023,-0.23864163,0.81923723,0.6407443,0.41616207,-0.09746933,1.1292295,-0.05842293,-0.97055256,-0.9423423
