parameter_1,parameter_2,parameter_3,parameter_4,parameter_5,parameter_6,parameter_7,parameter_8,parameter_9,parameter_10
-0.95270705,-0.14817107,0.9824493,0.41320384,0.99042416,-0.74023414,0.7862458,0.043799043,-0.6261761,-0.76511395
