data_1,data_2,data_3,data_4,data_5,data_6,data_7,data_8
-3.0776706,-1.2080946,25.778881,-2.244017,-0.77473235,-1.5114331,5.919487,-1.6953411
