data_1,data_2,data_3,data_4,data_5,data_6,data_7,data_8,data_9,data_10,data_11,data_12,data_13,data_14,data_15,data_16,data_17,data_18,data_19,data_20,data_21,data_22,data_23,data_24,data_25,data_26,data_27,data_28,data_29,data_30,data_31,data_32,data_33,data_34,data_35,data_36,data_37,data_38,data_39,data_40,data_41,data_42,data_43,data_44,data_45,data_46,data_47,data_48,data_49,data_50,data_51,data_52,data_53,data_54,data_55,data_56,data_57,data_58,data_59,data_60,data_61,data_62,data_63,data_64,data_65,data_66,data_67,data_68,data_69,data_70,data_71,data_72,data_73,data_74,data_75,data_76,data_77,data_78,data_79,data_80,data_81,data_82,data_83,data_84,data_85,data_86,data_87,data_88,data_89,data_90,data_91,data_92,data_93,data_94,data_95,data_96,data_97,data_98,data_99,data_100
87.24031,-16.604807,16.080523,9.018989,41.83059,-63.333275,75.515594,91.377174,-121.9315,-123.655396,17.277966,25.658829,-27.242811,45.95061,16.61564,-98.53147,5.919487,113.13059,167.4748,-16.561525,50.227478,-1.5114331,-3.0776706,25.778881,152.21681,-126.321526,9.344659,196.47368,-113.18979,-266.0622,182.12448,-11.343913,4.685951,-1.2080946,173.03006,-27.849487,-38.123577,-22.398058,-114.805466,-4.0896597,-30.1266,-49.741005,-0.77473235,-19.580246,-98.155655,-45.323006,14.981472,-131.89856,-21.214108,-129.39964,-139.96884,-32.780205,-8.824241,-170.72833,96.11736,191.5214,-2.7597198,166.21501,-27.97587,-2.5958862,70.62039,223.82744,30.822243,40.18307,64.72131,83.61398,-226.24583,-2.244017,33.747704,45.83307,221.53214,-76.87329,3.073869,-175.14624,69.52343,251.34433,-0.4832184,293.00043,-7.416166,-107.64487,-60.898148,51.36529,-88.37665,64.93143,-41.113316,26.673523,18.540636,1.5495992,43.178158,77.71938,-1.6953411,-213.03514,105.85368,-26.676025,-82.32123,238.73946,4.3299823,-36.140568,-23.572742,30.106968
