parameter_1,parameter_2,parameter_3,parameter_4,parameter_5
2.9774556,-1.563847,-2.5354505,0.4488709,-1.7340868
