parameter_1,parameter_2,parameter_3,parameter_4
21.618145,25.919987,14.983539,8.789967
