data_1,data_2,data_3,data_4,data_5,data_6,data_7,data_8,data_9,data_10
1.7392728,1.553487,-1.521441,-1.6343225,-1.7898827,1.523606,1.6367079,1.6204214,1.6001605,1.6256248
