data_1,data_2,data_3,data_4,data_5,data_6,data_7,data_8,data_9,data_10,data_11,data_12,data_13,data_14,data_15,data_16,data_17,data_18,data_19,data_20,data_21,data_22,data_23,data_24,data_25,data_26,data_27,data_28,data_29,data_30,data_31,data_32,data_33,data_34,data_35,data_36,data_37,data_38,data_39,data_40,data_41,data_42,data_43,data_44,data_45,data_46,data_47,data_48,data_49,data_50,data_51,data_52,data_53,data_54,data_55,data_56,data_57,data_58,data_59,data_60,data_61,data_62,data_63,data_64,data_65,data_66,data_67,data_68,data_69,data_70,data_71,data_72,data_73,data_74,data_75,data_76,data_77,data_78,data_79,data_80,data_81,data_82,data_83,data_84,data_85,data_86,data_87,data_88,data_89,data_90,data_91,data_92,data_93,data_94,data_95,data_96,data_97,data_98,data_99,data_100
1.7392728,1.553487,-1.521441,-1.6343225,-1.7898827,1.523606,1.6367079,1.6204214,1.6001605,1.6256248,1.6612916,1.5891383,1.5561712,-1.5592881,1.4989371,1.5668561,-1.6561104,1.7782778,-1.6780025,1.5142405,-1.5846475,1.5474261,1.6212776,-1.6344482,1.6699347,-1.6760038,1.591222,-1.6687006,1.5261637,-1.5039897,-1.7277395,1.5295018,-1.6958599,-1.7728754,1.5890326,1.510698,1.5124357,1.5509723,-1.5970477,1.6189239,-1.7112836,-1.796814,2.0648758,1.5404518,-1.5794761,-1.9082379,1.7576603,-1.7134523,1.6678429,1.5722728,1.5620682,1.8005699,1.6850723,-1.5127621,1.5913703,1.6146896,1.5588236,1.6118364,1.9473119,1.6435902,1.9038645,1.5269436,1.5682333,1.7007378,-1.5665672,1.5882124,1.57904,1.6075205,1.7358626,1.4797244,-1.5336761,1.6183778,1.6172477,-1.512025,2.2441325,1.5407218,1.6158539,-1.707542,1.6231163,-1.6149553,1.6891963,-1.5059233,1.6172425,1.7091799,1.5941588,1.9151263,1.6687763,1.7881231,1.5938555,1.9515357,1.469431,-1.5110675,1.8826616,1.7360972,1.6236445,2.0423696,-1.4834259,1.805545,-1.6847475,1.5446751
