data_1,data_2,data_3,data_4,data_5,data_6,data_7,data_8,data_9,data_10
0.07094977,0.46359536,0.1113234,0.08542135,0.24560773,0.5440557,-0.14228944,0.18080582,0.07965976,0.09738931
