data_1,data_2,data_3,data_4,data_5,data_6,data_7,data_8,data_9,data_10
33.0,-6.4436927,-14.690393,-13.265997,-11.763131,3.0753796,12.796571,8.58142,-7.208218,-1.3421822
