parameter_1,parameter_2,parameter_3,parameter_4,parameter_5,parameter_6,parameter_7,parameter_8,parameter_9,parameter_10
-1.4691764,-0.15474422,-0.69346994,-1.1546866,-0.6470892,0.7539802,1.3773618,1.3551116,0.21974164,0.59429556
