data_1,data_2,data_3,data_4,data_5,data_6,data_7,data_8,data_9,data_10,data_11,data_12,data_13,data_14,data_15,data_16,data_17,data_18,data_19,data_20,data_21,data_22,data_23,data_24,data_25,data_26,data_27,data_28,data_29,data_30,data_31,data_32,data_33,data_34,data_35,data_36,data_37,data_38,data_39,data_40,data_41,data_42,data_43,data_44,data_45,data_46,data_47,data_48,data_49,data_50,data_51,data_52,data_53,data_54,data_55,data_56,data_57,data_58,data_59,data_60,data_61,data_62,data_63,data_64,data_65,data_66,data_67,data_68,data_69,data_70,data_71,data_72,data_73,data_74,data_75,data_76,data_77,data_78,data_79,data_80,data_81,data_82,data_83,data_84,data_85,data_86,data_87,data_88,data_89,data_90,data_91,data_92,data_93,data_94,data_95,data_96,data_97,data_98,data_99,data_100
-1.8769786,-1.2844467,-0.90614945,-0.99211186,-0.97634757,2.8410673,1.101908,-0.9768325,-2.4192927,-0.9721918,1.0310022,-1.5857762,-1.6672914,-0.90618956,-0.86322296,-0.93919545,-1.1902564,1.8135444,1.0215806,-1.3155061,1.5143673,-1.0418335,1.4844531,-2.6177428,-1.261344,-0.934653,-1.376115,-1.0055342,1.7020817,-1.6992968,1.5884926,1.3294153,-2.343573,1.3175238,-1.2666577,1.9022689,-1.1434906,1.6458026,-0.9586926,-1.5169424,-0.9851408,1.2833946,-1.0754485,-1.818044,-1.2907561,-0.8652078,1.9069644,-0.98855305,1.4068198,-1.3953444,-1.0345956,-0.90581036,-1.3811837,-1.0951716,-0.98750377,-1.4865714,1.7265468,-0.9782806,-0.9555106,-0.9153492,-1.345071,-1.006804,-1.671271,1.3521035,1.6838751,1.3652332,1.0864397,-1.3767159,-1.361899,-1.054372,1.9282216,-0.89480126,1.5312041,-0.9904977,-0.87909126,2.4834757,-1.0929557,-0.90710187,-1.4971017,1.0435592,-0.872596,0.9989261,-1.029057,1.4897484,1.4562043,-1.1795182,1.6822897,-1.0939627,-1.0822266,1.8306805,1.0125334,-1.1619501,2.0026224,1.7781012,1.2116281,1.4515613,1.8322914,-0.9407238,-1.8949933,2.5142477
