data_1,data_2,data_3,data_4,data_5,data_6,data_7,data_8,data_9,data_10,data_11,data_12,data_13,data_14,data_15,data_16,data_17,data_18,data_19,data_20
28.209007,164.98964,222.80888,15.1830225,71.550255,448.09607,15.183392,26.995413,159.41765,314.49643,1.1301804,0.23489165,64.72067,4.232113,0.3610725,0.904367,26.027958,1.2092034,0.23615272,48.007305
