$\alpha$,$\beta$,$\gamma$,$\delta$
0.83722633,0.074230194,1.6819013,0.012352898
