$\beta$,$\gamma$
0.23794325,0.12119064
