data_1,data_2,data_3,data_4,data_5,data_6,data_7,data_8,data_9,data_10,data_11,data_12,data_13,data_14,data_15,data_16,data_17,data_18,data_19,data_20,data_21,data_22,data_23,data_24,data_25,data_26,data_27,data_28,data_29,data_30,data_31,data_32,data_33,data_34,data_35,data_36,data_37,data_38,data_39,data_40,data_41,data_42,data_43,data_44,data_45,data_46,data_47,data_48,data_49,data_50,data_51,data_52,data_53,data_54,data_55,data_56,data_57,data_58,data_59,data_60,data_61,data_62,data_63,data_64,data_65,data_66,data_67,data_68,data_69,data_70,data_71,data_72,data_73,data_74,data_75,data_76,data_77,data_78,data_79,data_80,data_81,data_82,data_83,data_84,data_85,data_86,data_87,data_88,data_89,data_90,data_91,data_92,data_93,data_94,data_95,data_96,data_97,data_98,data_99,data_100
-2.4473517,-2.4309378,-2.6273885,-2.0606098,1.9478,-2.293651,-2.0320897,-2.450511,-2.6567492,-2.8070574,-2.491979,-1.9570695,-1.945447,-2.498773,-2.2647176,-2.2193432,-2.6758435,-2.436879,2.632439,-3.2269459,-2.3107731,-3.6391478,-2.7942472,-2.249972,-2.135941,-2.8294277,-2.8438015,2.6284606,-2.9035165,-2.7247028,-2.6942158,-2.1026938,-2.316623,-2.923865,-2.433643,2.207565,-2.588427,-2.3691452,-2.726042,-2.32018,-2.2940898,2.9768643,-2.2236261,2.113295,-2.1539907,-2.9714463,-2.7603536,-2.4152448,-2.5593157,2.0641034,-2.7852514,-2.1083803,-2.4466138,-2.0460882,-2.102883,-2.731224,-3.0734231,-2.3502512,-2.7863462,-2.595854,-2.3691385,2.0112045,-2.9303737,-3.5233426,-2.1420195,-1.9518383,1.9646474,-2.8916674,-1.9523858,-2.7410805,-2.751425,-2.2785592,-2.170208,-2.2043474,-2.8229058,-1.9387935,2.5924432,-2.8717747,-2.049484,-3.465474,-2.086647,-3.1161394,-2.423136,-2.8342223,-2.1691358,-2.2294421,-2.9560678,-1.901923,-2.800171,-2.179901,1.9702435,-2.3998733,2.2477102,-2.3755567,-2.5102158,-2.0604396,-2.204808,-2.2822251,1.8945587,-2.5010839
