data_1,data_2,data_3,data_4,data_5,data_6,data_7,data_8,data_9,data_10
-0.22625877,-0.47359583,0.33100262,0.2873773,0.4332141,-0.11174721,-0.18753962,-0.3658042,-0.031137358,0.20465091
