data_1,data_2,data_3,data_4,data_5,data_6,data_7,data_8,data_9,data_10,data_11,data_12,data_13,data_14,data_15,data_16,data_17,data_18,data_19,data_20,data_21,data_22,data_23,data_24,data_25,data_26,data_27,data_28,data_29,data_30,data_31,data_32,data_33,data_34,data_35,data_36,data_37,data_38,data_39,data_40,data_41,data_42,data_43,data_44,data_45,data_46,data_47,data_48,data_49,data_50,data_51,data_52,data_53,data_54,data_55,data_56,data_57,data_58,data_59,data_60,data_61,data_62,data_63,data_64,data_65,data_66,data_67,data_68,data_69,data_70,data_71,data_72,data_73,data_74,data_75,data_76,data_77,data_78,data_79,data_80,data_81,data_82,data_83,data_84,data_85,data_86,data_87,data_88,data_89,data_90,data_91,data_92,data_93,data_94,data_95,data_96,data_97,data_98,data_99,data_100
1.2418162,1.3669723,1.3768651,1.2703165,1.231308,1.5141721,1.3878791,-1.1899683,1.7770133,1.2250943,1.3806508,1.6355901,1.37586,-1.2922102,1.1818976,1.2618083,1.2124844,1.4200393,-1.1892036,1.4645694,-1.3158978,1.5731373,1.7721913,-1.4417026,1.2275189,-1.1791679,-1.495004,-1.2471297,-1.2484965,1.3819437,-1.5477552,1.3559879,-1.4370011,1.2166898,1.4983845,1.3067988,1.237266,-1.3916152,1.335457,-1.2441604,1.4343721,1.2543863,1.3736655,1.2855556,1.2093835,1.6425308,1.4161667,1.3568846,1.2791046,-1.2594463,-1.5126971,1.5296422,1.6341404,1.4310695,-1.3699927,1.2577507,-1.2643185,-1.3162272,1.2976809,1.8606358,-1.2179983,1.5776374,-1.3888508,1.2152978,1.2875216,1.5913172,1.2886351,1.1907296,1.5765642,1.2672844,1.4501317,1.9527502,-1.260215,1.299342,1.2660635,1.2454084,1.2096376,1.1869543,1.2558016,1.2272133,1.321115,1.2424767,-1.3478118,1.4043876,-1.3533628,1.3141443,1.3272678,1.4912968,-1.9619366,-1.5121611,-2.1522336,-1.3503257,1.217079,1.2941767,1.5524508,1.2904997,1.492365,1.3196765,1.3629786,1.6675539
