data_1,data_2,data_3,data_4,data_5,data_6,data_7,data_8,data_9,data_10
1.422141,1.1332005,1.0414565,2.062775,1.0846606,1.1619799,2.4494388,1.0978036,1.0593946,1.1382453
