data_1,data_2,data_3,data_4,data_5,data_6,data_7,data_8,data_9,data_10
35.0,-7.56975,-11.271167,2.4184117,-7.2964687,-4.508097,5.3818207,12.389114,3.273027,5.849332
