parameter_1,parameter_2,parameter_3,parameter_4,parameter_5,parameter_6,parameter_7,parameter_8,parameter_9,parameter_10
-0.7110242,-0.27288643,-0.46035555,0.17793028,0.21403068,-0.16385452,0.88594973,1.1904585,0.7753736,0.41011465
