parameter_1,parameter_2,parameter_3,parameter_4
79.77455,34.36153,5.7742496,10.748118
