data_1,data_2,data_3,data_4,data_5,data_6,data_7,data_8,data_9,data_10
1.5176202,1.7195348,2.6897762,-1.6297061,1.7046256,1.5458629,1.9700413,-2.450968,-1.9676408,2.2497027
