data_1,data_2,data_3,data_4,data_5,data_6,data_7,data_8,data_9,data_10
-1.055527,-1.113426,-1.1935861,-1.0472664,-1.1419902,-1.2161906,-1.2950372,-1.0764251,1.4686903,-1.4552065
