data_1,data_2,data_3,data_4,data_5,data_6,data_7,data_8,data_9,data_10,data_11,data_12,data_13,data_14,data_15,data_16,data_17,data_18,data_19,data_20,data_21,data_22,data_23,data_24,data_25,data_26,data_27,data_28,data_29,data_30,data_31,data_32,data_33,data_34,data_35,data_36,data_37,data_38,data_39,data_40,data_41,data_42,data_43,data_44,data_45,data_46,data_47,data_48,data_49,data_50,data_51,data_52,data_53,data_54,data_55,data_56,data_57,data_58,data_59,data_60,data_61,data_62,data_63,data_64,data_65,data_66,data_67,data_68,data_69,data_70,data_71,data_72,data_73,data_74,data_75,data_76,data_77,data_78,data_79,data_80,data_81,data_82,data_83,data_84,data_85,data_86,data_87,data_88,data_89,data_90,data_91,data_92,data_93,data_94,data_95,data_96,data_97,data_98,data_99,data_100
-1.2118715,-1.2489659,1.6305758,-1.2235508,-1.2639714,-1.4475185,-1.2196766,1.4598753,1.3198911,1.2480038,-1.2866023,-1.3569257,-1.1741315,1.2007297,-1.2616615,-1.2205349,-1.2599219,-1.3822511,1.6176727,1.2683305,-1.2478428,-1.1984587,-1.1665784,-1.3297868,1.566747,-1.2595904,1.16339,-1.4848074,-1.1814697,1.2353934,1.9418793,1.3678964,-1.3521206,-1.3560268,1.3079088,1.1868048,-1.1775794,-1.2917906,1.317322,-1.6877004,1.3971215,-1.192594,1.3062522,-1.4216003,-1.2565612,-1.2800393,-1.7689946,1.2503457,1.3036344,1.2442063,1.1685375,-1.2468153,-1.1844912,1.5022894,-1.5744499,-1.3347417,-1.2647427,-1.2329245,1.1726629,-1.3261945,-1.5309037,-1.2972527,-1.2629873,-1.2434402,-1.2705098,1.2348443,-1.3001812,1.3015296,-1.1688107,1.5735964,1.2758168,-1.1858823,-1.2338797,1.2649662,1.2517694,1.3254931,1.2773464,-1.3310692,-1.2179796,1.6417487,1.2292885,1.3098221,-1.2933817,-1.2233636,-1.4277394,-1.1660466,-1.1795107,1.2045949,1.3179147,-1.2477996,-1.2868593,-1.228772,-1.1739575,-1.2171464,1.3564924,-1.1838048,1.1802787,1.3346387,-1.1619555,1.212488
