data_1,data_2,data_3,data_4,data_5,data_6,data_7,data_8,data_9,data_10
-1.2118715,-1.2489659,1.6305758,-1.2235508,-1.2639714,-1.4475185,-1.2196766,1.4598753,1.3198911,1.2480038
