data_1,data_2,data_3,data_4,data_5,data_6,data_7,data_8,data_9,data_10,data_11,data_12,data_13,data_14,data_15,data_16,data_17,data_18,data_19,data_20,data_21,data_22,data_23,data_24,data_25,data_26,data_27,data_28,data_29,data_30,data_31,data_32,data_33,data_34,data_35,data_36,data_37,data_38,data_39,data_40,data_41,data_42,data_43,data_44,data_45,data_46,data_47,data_48,data_49,data_50,data_51,data_52,data_53,data_54,data_55,data_56,data_57,data_58,data_59,data_60,data_61,data_62,data_63,data_64,data_65,data_66,data_67,data_68,data_69,data_70,data_71,data_72,data_73,data_74,data_75,data_76,data_77,data_78,data_79,data_80,data_81,data_82,data_83,data_84,data_85,data_86,data_87,data_88,data_89,data_90,data_91,data_92,data_93,data_94,data_95,data_96,data_97,data_98,data_99,data_100
1.0860429,1.3129681,1.1375365,-1.2173003,1.0527778,1.2555093,1.0464333,1.0162427,1.0373449,-1.1522539,-1.0158261,1.3474333,-1.9691229,1.8514078,-1.1324112,-1.1112512,1.1521538,1.1272444,1.6641,1.2503946,-1.8828468,1.1626567,1.05231,1.0852709,1.1460192,1.3122578,-1.1290545,1.4039205,1.4129326,1.5525981,1.3001229,1.1454997,1.1907843,-1.1930646,1.1068047,1.1288619,1.3253628,1.1488827,1.0136614,1.330781,1.3078121,1.0350134,1.1792179,1.1045132,-1.0948309,1.1408619,-1.5815061,1.3624953,1.0998446,0.9951138,-1.1205481,0.98892,1.2652125,-1.5985411,1.097846,1.042235,-1.010276,-1.2016377,-1.1527036,-1.339648,1.2796657,1.1449236,-1.2827703,-1.1483896,-1.1156967,-1.2855028,1.5156125,1.2997327,-1.0931181,1.4629701,-1.0668777,1.0422477,1.0977101,-1.2247951,-2.0631835,1.3077031,1.1775335,1.7135615,-1.1907595,-1.4377085,1.3879085,0.99070543,-1.1439049,-1.1585735,1.8334466,1.1207666,-1.2379385,-1.6412649,-1.0256573,1.1198791,1.1647855,1.0620223,-1.0599658,1.2746226,1.3506368,-1.0359797,-1.1709473,-1.0688118,1.413193,-1.0733663
