data_1,data_2,data_3,data_4,data_5,data_6,data_7,data_8,data_9,data_10,data_11,data_12,data_13,data_14,data_15,data_16,data_17,data_18,data_19,data_20,data_21,data_22,data_23,data_24,data_25,data_26,data_27,data_28,data_29,data_30,data_31,data_32,data_33,data_34,data_35,data_36,data_37,data_38,data_39,data_40,data_41,data_42,data_43,data_44,data_45,data_46,data_47,data_48,data_49,data_50,data_51,data_52,data_53,data_54,data_55,data_56,data_57,data_58,data_59,data_60,data_61,data_62,data_63,data_64,data_65,data_66,data_67,data_68,data_69,data_70,data_71,data_72,data_73,data_74,data_75,data_76,data_77,data_78,data_79,data_80,data_81,data_82,data_83,data_84,data_85,data_86,data_87,data_88,data_89,data_90,data_91,data_92,data_93,data_94,data_95,data_96,data_97,data_98,data_99,data_100
-1.2017726,-1.2747897,-0.6667336,-0.8931678,-0.9903604,-0.72562665,-0.6926774,-1.0299927,-0.97107476,-1.1085339,-0.7665611,-0.91985023,-0.6955216,-0.7560839,-0.9317189,-1.4995197,-0.8672977,-0.6966733,-0.6903556,-0.9753868,-0.85658497,-1.0679042,-0.73269135,-0.88148874,-1.0086929,-0.80495024,-1.8203876,-0.90873855,-0.8982835,-1.1118715,-0.80696744,-0.76196283,-0.82462674,0.8638446,-1.0952605,-0.81662107,-0.7962193,-0.7285099,-0.7090469,-1.1003952,-0.67232686,1.0563196,1.4451168,-0.67712784,-0.6626153,-0.9604983,-0.7483072,-0.87884146,0.7916084,-0.74934655,-0.769917,-0.79765433,-0.84811985,-0.78216064,-1.2431388,-0.66495436,-0.74922234,-0.71243995,-1.0812349,-0.743462,-0.71633077,-1.0337106,-1.0833114,-0.8528481,-0.7413492,-0.6823665,-0.8036614,-0.74928737,-0.9094703,-0.7761588,-0.7081822,0.9382726,-0.8281297,-0.6812876,-0.71226925,-0.75980645,-0.8382144,-1.5996964,-0.768707,-0.98863983,-0.6524556,-0.8920414,-0.8086826,-0.89634913,-0.80298,-0.76003265,-0.68956584,-0.8284911,-0.7929261,-0.8518147,-0.73783296,-1.2289952,0.73741984,-0.6616286,-0.9819433,-0.8718989,-0.7125455,-1.0316211,-0.7379499,-1.2833409
