data_1,data_2,data_3,data_4,data_5,data_6,data_7,data_8,data_9,data_10
1.4782968,1.8659916,-1.4974983,1.5242589,1.5328034,1.9313843,1.7368369,1.5622567,1.582542,1.5122097
