data_1,data_2,data_3,data_4,data_5,data_6,data_7,data_8,data_9,data_10
-1.2568742,1.1099856,-2.0606968,2.2575402,1.2248707,1.5038263,1.0686595,1.955635,1.1522833,-1.2538588
