data_1,data_2,data_3,data_4,data_5,data_6,data_7,data_8,data_9,data_10
-1.1572595,-1.1324676,-1.1480155,-1.2419991,-1.2436363,-1.1242566,1.2445441,-1.2496165,-1.1201174,-1.2111766
