data_1,data_2,data_3,data_4,data_5,data_6,data_7,data_8,data_9,data_10,data_11,data_12,data_13,data_14,data_15,data_16,data_17,data_18,data_19,data_20,data_21,data_22,data_23,data_24,data_25,data_26,data_27,data_28,data_29,data_30,data_31,data_32,data_33,data_34,data_35,data_36,data_37,data_38,data_39,data_40,data_41,data_42,data_43,data_44,data_45,data_46,data_47,data_48,data_49,data_50,data_51,data_52,data_53,data_54,data_55,data_56,data_57,data_58,data_59,data_60,data_61,data_62,data_63,data_64,data_65,data_66,data_67,data_68,data_69,data_70,data_71,data_72,data_73,data_74,data_75,data_76,data_77,data_78,data_79,data_80,data_81,data_82,data_83,data_84,data_85,data_86,data_87,data_88,data_89,data_90,data_91,data_92,data_93,data_94,data_95,data_96,data_97,data_98,data_99,data_100
-0.85878193,-0.853551,-1.0429097,-0.9417556,-1.0328162,-1.0777729,-0.8785283,-1.0823259,-1.0293055,0.79297465,-1.3164053,-1.3954726,0.98369706,-1.1882397,-0.80290526,0.64466095,0.76731896,0.7029778,-0.9535291,-1.0848643,-1.6241455,-1.246697,-1.8282379,-1.1329465,-1.1312438,0.8086685,-0.8060778,-0.91151065,-1.6008596,-0.8370573,0.7971913,-0.8498053,-0.8512768,1.2783461,-1.3299997,-1.5987387,-0.84130853,-1.6868712,0.8265794,-2.073912,-0.79256505,-0.8678334,-0.7067422,-0.69926256,-1.4842035,-0.8806032,-0.9553363,0.84842557,-1.0815177,-1.3080726,0.7583067,-1.2715256,0.9381139,-1.1974142,-0.73281527,1.3171722,-0.76097333,0.89036447,-1.8816473,0.74237025,-1.5469441,-0.7755586,-0.9233314,-1.1167785,-0.98063517,0.7080148,-1.4997407,-1.8744603,0.6833227,-1.047727,-0.98902047,-0.95433944,-0.8057475,-0.82202667,-1.0108042,-0.8751817,-1.0102261,-0.9357031,-1.1759912,-0.79861057,0.66642517,-1.0108361,1.1380116,-1.1242791,0.78847265,0.70720756,-1.1846212,-0.83190614,-0.8312105,-0.7914524,1.1299176,-1.1819845,-1.5434759,0.6605066,0.6904293,-0.7602893,-1.0979657,-1.0950515,-1.0859144,-1.1808732
