data_1,data_2,data_3,data_4,data_5,data_6,data_7,data_8,data_9,data_10,data_11,data_12,data_13,data_14,data_15,data_16,data_17,data_18,data_19,data_20,data_21,data_22,data_23,data_24,data_25,data_26,data_27,data_28,data_29,data_30,data_31,data_32,data_33,data_34,data_35,data_36,data_37,data_38,data_39,data_40,data_41,data_42,data_43,data_44,data_45,data_46,data_47,data_48,data_49,data_50,data_51,data_52,data_53,data_54,data_55,data_56,data_57,data_58,data_59,data_60,data_61,data_62,data_63,data_64,data_65,data_66,data_67,data_68,data_69,data_70,data_71,data_72,data_73,data_74,data_75,data_76,data_77,data_78,data_79,data_80,data_81,data_82,data_83,data_84,data_85,data_86,data_87,data_88,data_89,data_90,data_91,data_92,data_93,data_94,data_95,data_96,data_97,data_98,data_99,data_100,data_101,data_102,data_103,data_104,data_105,data_106,data_107,data_108,data_109,data_110,data_111,data_112,data_113,data_114,data_115,data_116,data_117,data_118,data_119,data_120,data_121,data_122,data_123,data_124,data_125,data_126,data_127,data_128
1.3854209,0.3747574,0.341367,0.03359893,0.45504212,1.1715277,0.08152294,2.1888957,0.020954957,0.08495421,0.52326125,0.18453987,1.0753375,0.112142175,0.041192196,0.38966745,0.29253477,1.4541548,0.75993717,0.3629501,0.64947337,0.11674759,0.2320047,0.4683807,0.304408,0.4161839,0.68915564,0.15343678,0.5516391,1.0867852,0.21839127,0.32939154,0.42661402,0.23962362,0.27227542,1.5744866,0.68003136,0.11639249,0.123760395,0.31838587,0.05322524,0.2592465,0.51654357,0.15019065,0.27375546,0.24365361,0.055736642,0.10270876,0.7927196,0.52343583,0.38558632,0.7794928,0.2516196,0.87275004,0.3893046,0.5393314,0.5115126,0.072989896,0.11872037,0.40945935,0.44597974,0.14301476,0.11428754,0.06644297,0.0,0.0,0.0,1.0,0.0,0.0,1.0,1.0,1.0,1.0,1.0,1.0,1.0,1.0,1.0,1.0,1.0,0.0,0.0,1.0,1.0,1.0,0.0,1.0,1.0,0.0,0.0,1.0,1.0,1.0,1.0,0.0,0.0,1.0,0.0,0.0,0.0,1.0,1.0,1.0,1.0,1.0,0.0,1.0,1.0,0.0,1.0,1.0,0.0,0.0,1.0,1.0,1.0,1.0,1.0,1.0,1.0,1.0,1.0,0.0,1.0,1.0,1.0,1.0
