data_1,data_2,data_3,data_4,data_5,data_6,data_7,data_8,data_9,data_10
1.6529562,-1.625295,-1.7357142,-1.6263733,1.6896609,-1.6502901,-1.7411441,1.6626881,-1.6226046,-1.7197539
