data_1,data_2,data_3,data_4,data_5,data_6,data_7,data_8,data_9,data_10
-1.8769786,-1.2844467,-0.90614945,-0.99211186,-0.97634757,2.8410673,1.101908,-0.9768325,-2.4192927,-0.9721918
