data_1,data_2,data_3,data_4,data_5,data_6,data_7,data_8,data_9,data_10
0.77882046,0.7815429,0.8780331,-0.87925154,0.84307975,-0.82706267,0.9212084,0.77901316,0.7382124,0.79470474
