data_1,data_2,data_3,data_4,data_5,data_6,data_7,data_8,data_9,data_10,data_11,data_12,data_13,data_14,data_15,data_16,data_17,data_18,data_19,data_20,data_21,data_22,data_23,data_24,data_25,data_26,data_27,data_28,data_29,data_30,data_31,data_32,data_33,data_34,data_35,data_36,data_37,data_38,data_39,data_40,data_41,data_42,data_43,data_44,data_45,data_46,data_47,data_48,data_49,data_50,data_51,data_52,data_53,data_54,data_55,data_56,data_57,data_58,data_59,data_60,data_61,data_62,data_63,data_64,data_65,data_66,data_67,data_68,data_69,data_70,data_71,data_72,data_73,data_74,data_75,data_76,data_77,data_78,data_79,data_80,data_81,data_82,data_83,data_84,data_85,data_86,data_87,data_88,data_89,data_90,data_91,data_92,data_93,data_94,data_95,data_96,data_97,data_98,data_99,data_100
-2.5582683,-1.5476047,-1.5142143,1.2064462,-1.6278894,-2.344375,1.2543702,3.361743,1.1938022,1.2578015,1.6961085,1.3573872,2.248185,1.2849895,1.2140394,1.5625148,1.4653821,-2.627002,-1.9327844,1.5357974,1.8223206,1.2895949,-1.404852,1.641228,1.4772552,-1.5890311,-1.862003,1.326284,1.7244864,2.2596326,1.3912386,-1.5022388,-1.5994613,1.4124709,-1.4451227,-2.7473338,-1.8528787,1.2892398,1.2966076,1.4912331,1.2260725,1.4320937,-1.6893908,1.323038,1.4466027,-1.4165009,1.2285839,1.275556,-1.9655669,-1.6962831,1.5584337,1.95234,1.4244668,2.0455973,1.5621519,1.7121786,1.6843598,1.2458372,1.2915677,-1.5823066,1.618827,1.315862,1.2871348,1.2392902,-1.9154892,1.2931293,1.5884454,1.255584,1.3076555,1.2410233,1.3736185,2.0329075,-1.9760841,-1.7819467,-1.576774,1.2184932,2.1790612,1.4112855,-1.9589069,1.5338234,1.2433716,1.5385463,-2.108022,1.2848765,-1.3184978,1.7020342,1.3819728,-1.6468638,1.3190956,-1.4377856,1.2076042,1.5023413,1.4999586,-2.2602668,1.3091804,1.4081815,1.6064706,1.2715487,-1.7535447,1.2803402
