data_1,data_2,data_3,data_4,data_5,data_6,data_7,data_8,data_9,data_10,data_11,data_12,data_13,data_14,data_15,data_16,data_17,data_18,data_19,data_20,data_21,data_22,data_23,data_24,data_25,data_26,data_27,data_28,data_29,data_30,data_31,data_32,data_33,data_34,data_35,data_36,data_37,data_38,data_39,data_40,data_41,data_42,data_43,data_44,data_45,data_46,data_47,data_48,data_49,data_50,data_51,data_52,data_53,data_54,data_55,data_56,data_57,data_58,data_59,data_60,data_61,data_62,data_63,data_64,data_65,data_66,data_67,data_68,data_69,data_70,data_71,data_72,data_73,data_74,data_75,data_76,data_77,data_78,data_79,data_80,data_81,data_82,data_83,data_84,data_85,data_86,data_87,data_88,data_89,data_90,data_91,data_92,data_93,data_94,data_95,data_96,data_97,data_98,data_99,data_100
0.38608247,0.49618697,-0.52221394,-0.37965906,0.45278764,0.58206445,-0.374037,-0.43066597,0.6786795,-0.39451352,-0.37316692,-0.38323694,-0.37286085,0.41478756,0.61850494,-0.40368947,-0.41281277,0.5569728,-0.41123804,0.47960806,0.41060165,-0.3855798,-0.37025398,-0.52125245,0.5149151,-0.44306844,-0.39426792,0.4031044,0.4764934,-0.4486794,-0.7839495,0.39416954,-0.52808654,-0.63417155,0.38590035,-0.4656619,0.3990531,0.40731472,0.541883,-0.45860004,-0.37546024,0.40101832,0.39329445,0.43047577,0.44003493,-0.3738685,0.7031215,-0.40562063,-0.45496628,0.4363929,-0.35739896,0.45472234,-0.43872792,-0.38742256,-0.43372664,-0.4770566,0.48064047,0.5937698,-0.42356575,0.66469175,0.49788153,0.43668723,-0.47260106,-0.49857163,-0.9365347,-0.37129048,-0.37148514,-0.37471366,0.4825265,0.4241492,-0.78950655,-0.62300384,-0.7235015,-0.5373818,-0.42712182,-0.6770002,-0.39633375,-0.36425593,-0.42092443,-0.4542125,0.4281286,-0.4117992,-0.3748703,0.4349505,-0.40833497,-0.43859178,-0.43578583,-0.37462214,0.46656182,-0.3775278,-0.36682302,-0.41174573,-0.45620146,0.43015358,0.4425458,-0.43363968,0.9636006,0.41016707,-0.37454873,-0.37767327
