data_1,data_2,data_3,data_4,data_5,data_6,data_7,data_8,data_9,data_10
-0.5825405,-0.6422969,0.48411113,-0.7330161,0.48868018,-0.53179216,0.48390692,0.5494539,-0.68283266,-0.71181893
