data_1,data_2,data_3,data_4,data_5,data_6,data_7,data_8,data_9,data_10,data_11,data_12,data_13,data_14,data_15,data_16,data_17,data_18,data_19,data_20,data_21,data_22,data_23,data_24,data_25,data_26,data_27,data_28,data_29,data_30,data_31,data_32,data_33,data_34,data_35,data_36,data_37,data_38,data_39,data_40,data_41,data_42,data_43,data_44,data_45,data_46,data_47,data_48,data_49,data_50,data_51,data_52,data_53,data_54,data_55,data_56,data_57,data_58,data_59,data_60,data_61,data_62,data_63,data_64,data_65,data_66,data_67,data_68,data_69,data_70,data_71,data_72,data_73,data_74,data_75,data_76,data_77,data_78,data_79,data_80,data_81,data_82,data_83,data_84,data_85,data_86,data_87,data_88,data_89,data_90,data_91,data_92,data_93,data_94,data_95,data_96,data_97,data_98,data_99,data_100
1.0782359,-1.0025897,1.403951,-1.4420527,-1.0177137,-1.0871689,-1.0256811,1.2121738,1.3493468,-1.0930415,1.1233006,-1.4124272,-1.0658792,-1.8239396,-1.0376129,-1.298621,-1.5012693,-1.0981756,-1.0298175,1.532401,1.3752241,-1.0013194,1.2264555,-1.0216075,-1.4155933,-1.1640302,-1.2085404,-1.2824174,-1.2056413,-1.0053536,-1.0539705,-1.9185047,1.2918853,-1.1217582,-1.4245012,1.0296803,1.3104832,-0.9794233,-1.1409327,-1.076232,1.0327388,-1.2537911,-1.0174792,1.1506692,-0.9809002,1.1024481,-1.6325845,-1.2171967,-1.0068458,1.1234472,-1.0770123,-1.5214323,-1.1276233,1.0558008,1.1222796,-1.0765194,-1.1549643,-0.9860082,1.197637,0.9901767,-1.4859704,-1.2497545,-1.1803304,-1.1551567,1.2634556,-0.99830896,1.1302263,1.3903204,-1.0151014,1.0602164,1.2440872,-0.9899986,1.1786146,-1.0760106,-1.1184632,-1.110405,0.9889515,-1.0075611,-1.0693247,1.2267638,-1.0045736,1.1441976,-1.3664707,-0.9741414,1.039553,-1.1865733,-1.1741372,-0.975057,-1.0157756,-1.0900499,-1.5402701,-1.1906137,1.094848,-0.9872805,-1.054286,-1.0154195,-1.416585,-1.1152922,-1.0942353,-1.0864962
