data_1,data_2,data_3,data_4,data_5,data_6,data_7,data_8,data_9,data_10
0.64884144,-0.6535531,0.58131194,-0.30197614,-0.5612243,-0.66635936,-0.50358605,-0.5967399,-0.35403717,-0.2922348
