$\beta$,$\gamma$
0.56080127,0.11418373
