data_1,data_2,data_3,data_4,data_5,data_6,data_7,data_8,data_9,data_10
60.0,-12.504245,-19.175411,-28.788593,-25.251158,-7.616167,-8.803228,-2.273953,-10.33271,-13.354123
