data_1,data_2,data_3,data_4,data_5,data_6,data_7,data_8,data_9,data_10,data_11,data_12,data_13,data_14,data_15,data_16,data_17,data_18,data_19,data_20,data_21,data_22,data_23,data_24,data_25,data_26,data_27,data_28,data_29,data_30,data_31,data_32,data_33,data_34,data_35,data_36,data_37,data_38,data_39,data_40,data_41,data_42,data_43,data_44,data_45,data_46,data_47,data_48,data_49,data_50,data_51,data_52,data_53,data_54,data_55,data_56,data_57,data_58,data_59,data_60,data_61,data_62,data_63,data_64,data_65,data_66,data_67,data_68,data_69,data_70,data_71,data_72,data_73,data_74,data_75,data_76,data_77,data_78,data_79,data_80,data_81,data_82,data_83,data_84,data_85,data_86,data_87,data_88,data_89,data_90,data_91,data_92,data_93,data_94,data_95,data_96,data_97,data_98,data_99,data_100
-0.5833155,-0.62005305,0.5040657,-0.9087388,-0.5666596,-0.561567,0.5473437,-0.5726358,-0.72331935,-0.5347086,-0.5623195,-0.6500434,0.49188024,0.5028477,-0.53731525,0.50876117,-0.5519656,-0.53052264,-0.7026747,-0.74077547,-0.58797437,-0.6773702,-1.2905973,-0.6349455,0.6282664,0.6522891,0.7519587,-0.50855625,-0.7592862,0.8496375,-0.57477176,0.52089584,0.69469535,-0.67139095,0.51143783,0.5735517,-0.83096594,-0.6335385,-0.64380944,0.62019205,-0.63622564,-0.78701025,0.5877994,-0.5556907,0.54149014,-0.55951416,-0.907343,0.58903825,0.49859035,-0.4896298,-0.5233007,0.5306504,-1.0873119,-0.5681816,-0.67961645,-0.64607894,-0.523979,-0.6382313,0.49039125,-0.8862121,-0.6898253,0.5879559,0.5130432,0.52291,0.49930236,-0.58770525,-0.6327036,0.5329136,0.501859,-0.7085117,-0.9361937,-0.68553084,0.61766917,-0.6984466,-0.60967183,0.51023614,-0.5384759,0.56169194,0.49175248,-0.51703304,0.5003343,-0.76037246,0.5316081,-0.62170464,-0.54949325,-0.59530187,-0.71778315,0.50740474,-0.52901,-0.5653747,-0.5557836,-0.5365618,0.57167226,-1.0477662,-0.62187064,0.7131248,-0.89089376,0.55340976,-0.7676447,-0.55752873
