data_1,data_2,data_3,data_4,data_5,data_6,data_7,data_8,data_9,data_10,data_11,data_12,data_13,data_14,data_15,data_16,data_17,data_18,data_19,data_20,data_21,data_22,data_23,data_24,data_25,data_26,data_27,data_28,data_29,data_30,data_31,data_32,data_33,data_34,data_35,data_36,data_37,data_38,data_39,data_40,data_41,data_42,data_43,data_44,data_45,data_46,data_47,data_48,data_49,data_50,data_51,data_52,data_53,data_54,data_55,data_56,data_57,data_58,data_59,data_60,data_61,data_62,data_63,data_64,data_65,data_66,data_67,data_68,data_69,data_70,data_71,data_72,data_73,data_74,data_75,data_76,data_77,data_78,data_79,data_80,data_81,data_82,data_83,data_84,data_85,data_86,data_87,data_88,data_89,data_90,data_91,data_92,data_93,data_94,data_95,data_96,data_97,data_98,data_99,data_100
1.5541819,1.6121268,1.5580192,1.6136706,1.5559374,2.0237236,1.5369871,1.5957229,1.5859941,1.5746006,1.5401541,1.5230939,1.5530379,1.5717177,-1.6561487,1.6914862,1.5827643,1.5409478,1.6398096,1.5409147,1.6046851,1.570031,1.580483,1.590272,1.5503753,1.590239,-1.668126,1.5791794,1.5359305,1.580272,1.7718848,1.5515352,1.5409721,1.5577291,1.6379855,1.5261586,1.5388731,1.5985748,1.5924729,-1.7685877,1.5623863,1.54015,1.5721916,1.538606,1.5273869,-1.6374724,1.5590197,1.538657,1.5867578,1.5565407,1.5795375,1.5281043,1.6216477,1.6075274,1.5755767,-1.6326737,1.5560133,1.5697585,1.5352142,1.6731548,1.5181707,1.7644252,1.5640123,1.6654605,1.5278084,1.5600646,1.5284723,1.5926273,1.5621705,1.7643025,-1.6381721,1.669178,1.5493609,1.5542397,1.5467008,1.59549,1.5794312,1.5819865,1.5400172,-1.5747309,-1.7280463,1.5877899,1.5209894,1.6055919,1.5485034,1.701632,1.521925,1.5386372,1.519532,1.6326346,1.734576,1.5529402,1.6688946,1.5301893,1.5563776,1.5280778,1.6767615,1.6150752,-1.6505947,1.5515627
