data_1,data_2,data_3,data_4,data_5,data_6,data_7,data_8,data_9,data_10
0.12690526,0.35383046,0.17839883,-0.2581626,0.093640044,0.29637158,0.08729559,0.057105046,0.07820726,-0.19311625
