parameter_1,parameter_2,parameter_3,parameter_4
27.287182,25.142742,14.890879,12.390799
