data_1,data_2,data_3,data_4,data_5,data_6,data_7,data_8,data_9,data_10
0.91790086,-0.87115973,0.83010995,0.8335009,-0.90576714,0.894042,-0.92306435,0.88806736,0.82846904,0.8685951
