data_1,data_2,data_3,data_4,data_5,data_6,data_7,data_8,data_9,data_10,data_11,data_12,data_13,data_14,data_15,data_16,data_17,data_18,data_19,data_20,data_21,data_22,data_23,data_24,data_25,data_26,data_27,data_28,data_29,data_30,data_31,data_32,data_33,data_34,data_35,data_36,data_37,data_38,data_39,data_40,data_41,data_42,data_43,data_44,data_45,data_46,data_47,data_48,data_49,data_50,data_51,data_52,data_53,data_54,data_55,data_56,data_57,data_58,data_59,data_60,data_61,data_62,data_63,data_64,data_65,data_66,data_67,data_68,data_69,data_70,data_71,data_72,data_73,data_74,data_75,data_76,data_77,data_78,data_79,data_80,data_81,data_82,data_83,data_84,data_85,data_86,data_87,data_88,data_89,data_90,data_91,data_92,data_93,data_94,data_95,data_96,data_97,data_98,data_99,data_100
0.9065722,-1.0393498,1.1121535,2.2457786,1.242631,1.2681031,1.2013092,1.1718156,1.3598063,1.72308,1.1240242,0.97106475,1.0991988,1.3801547,1.4941097,1.5152953,1.0786774,1.0146679,1.1167384,1.1456456,0.86481434,1.278612,1.086878,0.87396985,1.1311285,1.2953979,0.9078482,0.8661418,1.3274901,0.9625662,0.96542317,0.9514569,0.88255453,1.9726256,0.93942153,1.0157562,1.9878118,0.8438826,0.9937695,0.8181721,1.1838235,0.9553644,1.1084664,1.2607633,1.2271932,1.1580302,0.9846685,1.4035751,1.1000404,1.040318,1.084949,1.310956,1.6464748,1.0693867,1.480253,1.1383083,0.8425923,0.94468457,0.9928608,1.1237314,1.1417602,1.1777457,1.3524754,1.3269627,1.1931162,1.1626085,1.0324087,0.9077317,1.532543,1.5516126,1.1208748,1.3289869,1.0235577,1.320184,1.1099209,0.88859093,0.85570836,0.9332118,-1.6804606,1.0025593,1.40737,0.88892835,2.642414,1.0583215,1.0306925,0.8399817,-0.9056512,1.0399436,0.98883677,1.7414101,0.99066406,1.0831633,1.1778885,1.8116133,1.2329316,0.934366,1.3583709,1.1826181,1.2396051,1.2936894
