data_1,data_2
0.14563406,-1.170141
