parameter_1,parameter_2
0.72652316,-0.9946897
