data_1,data_2,data_3,data_4,data_5,data_6,data_7,data_8,data_9,data_10
-0.2497777,-0.27713263,-0.34482944,0.5036805,0.75670123,0.8884809,0.047073513,-0.2576767,-0.45802453,-0.16742781
