data_1,data_2,data_3,data_4,data_5,data_6,data_7,data_8,data_9,data_10,data_11,data_12,data_13,data_14,data_15,data_16,data_17,data_18,data_19,data_20,data_21,data_22,data_23,data_24,data_25,data_26,data_27,data_28,data_29,data_30,data_31,data_32,data_33,data_34,data_35,data_36,data_37,data_38,data_39,data_40,data_41,data_42,data_43,data_44,data_45,data_46,data_47,data_48,data_49,data_50,data_51,data_52,data_53,data_54,data_55,data_56,data_57,data_58,data_59,data_60,data_61,data_62,data_63,data_64,data_65,data_66,data_67,data_68,data_69,data_70,data_71,data_72,data_73,data_74,data_75,data_76,data_77,data_78,data_79,data_80,data_81,data_82,data_83,data_84,data_85,data_86,data_87,data_88,data_89,data_90,data_91,data_92,data_93,data_94,data_95,data_96,data_97,data_98,data_99,data_100
2.477558,1.9975318,-1.1425729,-1.3169233,1.2991016,1.4087648,-2.499304,1.7964063,1.9107747,-1.1365993,-1.2224867,1.8440324,-1.295102,-1.2289367,-1.3356465,-3.1563296,-1.4542334,1.6766686,1.335908,1.663573,-1.2649736,-1.0741369,1.500424,-2.1003094,-1.467536,1.8182005,1.401581,1.4537873,2.3399725,1.2010843,1.4743963,-3.0309348,1.4824066,1.2528148,-1.331443,2.177953,2.1029148,-1.8971053,1.3086642,-1.1619767,1.6935426,1.3173976,2.191718,1.2078731,-1.5919789,-1.9839714,1.3619514,-1.2286184,1.297104,1.8174833,1.5421356,-1.374902,1.3793039,1.5323968,1.455703,-1.4202785,-3.0742915,-1.5884897,-1.1309623,-1.2434655,-1.3529652,-1.4123861,1.7142745,-1.1950568,1.3579271,1.5183839,1.4778036,2.009843,-1.8034247,-1.2825685,1.2869186,-1.6275247,-1.1469094,2.303434,1.6295869,1.3791139,1.3081849,4.18255,1.8038802,-1.1635919,1.886229,1.5258737,-1.12602,1.4907665,1.3672624,1.3010747,1.7139516,1.364376,-1.4267418,-2.0827353,-1.8749713,-1.6687897,1.6561298,1.9777826,-1.5246992,1.9215974,1.671132,1.9751158,1.4572165,1.3199128
