data_1,data_2,data_3,data_4,data_5,data_6,data_7,data_8,data_9,data_10
-2.0986457,-2.158829,-1.9875445,-1.8918056,-1.9971622,-1.9599811,-1.985488,2.0593894,-2.3469205,-2.3790667
