data_1,data_2,data_3,data_4,data_5,data_6,data_7,data_8,data_9,data_10,data_11,data_12,data_13,data_14,data_15,data_16,data_17,data_18,data_19,data_20,data_21,data_22,data_23,data_24,data_25,data_26,data_27,data_28,data_29,data_30,data_31,data_32,data_33,data_34,data_35,data_36,data_37,data_38,data_39,data_40,data_41,data_42,data_43,data_44,data_45,data_46,data_47,data_48,data_49,data_50,data_51,data_52,data_53,data_54,data_55,data_56,data_57,data_58,data_59,data_60,data_61,data_62,data_63,data_64,data_65,data_66,data_67,data_68,data_69,data_70,data_71,data_72,data_73,data_74,data_75,data_76,data_77,data_78,data_79,data_80,data_81,data_82,data_83,data_84,data_85,data_86,data_87,data_88,data_89,data_90,data_91,data_92,data_93,data_94,data_95,data_96,data_97,data_98,data_99,data_100
-1.0291167,-1.3861225,-1.0594599,-2.3844538,-1.0149552,-0.9827414,-2.309286,-1.1605041,1.1030934,-1.1635566,-0.96389693,-0.98819923,-1.238579,-1.0973333,-1.971495,-1.0522748,-0.89222485,-0.9304415,-1.5475343,-1.2112623,-0.93615025,-0.99959564,-0.91250074,1.2806826,-0.94252205,-0.9775251,-1.1170319,-1.8698528,-1.0939804,-0.92494863,1.3683686,1.5029507,-1.0665656,-0.9350464,-2.072435,-0.9227209,-1.0120883,-1.4115052,1.1994852,1.5372394,1.4231765,-1.8734723,-0.9854906,-0.9188917,-0.9579835,-0.9832199,1.3256975,-1.7320421,-1.2682511,-1.2822049,-0.9521723,-1.1206973,-1.1488103,-2.0054362,-1.0661478,-1.1183887,-1.1234279,-1.0350505,-1.1919038,-1.0678998,-1.3342267,-1.1865208,-0.9247183,-1.0053642,-1.0645717,1.2980102,-1.65642,-0.93060243,-0.92294735,-1.0838139,-0.92016584,-1.3301381,-1.7054635,-0.89750206,-0.9814269,-1.2795827,-1.1599066,-2.127961,-1.0279359,-1.1324788,-1.2538949,-0.9665154,1.2496217,-1.6581044,1.0358839,1.3693174,1.2906277,-1.0029281,-0.912708,2.3866055,-0.9273087,-1.257,-0.9679889,-1.7995532,-0.91420925,-1.1660446,1.1352682,-0.94665515,-1.1371237,-0.96843225
