parameter_1,parameter_2,parameter_3,parameter_4
41.330093,23.721622,14.767863,6.902104
