parameter_1,parameter_2,parameter_3,parameter_4
71.465126,50.56143,6.874744,1.6592265
