data_1,data_2,data_3,data_4,data_5,data_6,data_7,data_8,data_9,data_10
64.0,-13.708698,-21.951843,-25.772211,-18.224155,-7.3405523,0.19755906,-10.989475,-12.838102,-1.656197
