parameter_1,parameter_2,parameter_3,parameter_4,parameter_5,parameter_6,parameter_7,parameter_8,parameter_9,parameter_10
1.4452896,-1.5240457,-2.6627376,-2.057486,-1.0255841,-0.33056775,0.4173284,-0.39998925,0.09306164,0.39093223
