$\beta$,$\gamma$
0.33129436,0.093130015
