data_1,data_2,data_3,data_4,data_5,data_6,data_7,data_8,data_9,data_10
-1.1693182,-1.0250573,-1.0397879,-1.0168126,-0.9548827,-1.1406094,-0.947809,-1.0145909,-1.2116828,-0.9195239
