data_1,data_2,data_3,data_4,data_5,data_6,data_7,data_8,data_9,data_10
-1.2742074,-1.1356664,-1.3179768,-1.1362773,-1.2765353,-1.0806696,1.2808473,1.2579699,1.1190835,1.2626064
