data_1,data_2,data_3,data_4,data_5,data_6,data_7,data_8,data_9,data_10
1.265265,1.3954611,-1.6433259,-1.7997096,-1.275659,-1.4352331,1.4546757,1.5770701,1.6206347,1.3238575
