data_1,data_2,data_3,data_4,data_5,data_6,data_7,data_8
-8.801672,8.726709,-10.484016,6.857725,-6.769688,7.574161,3.804308,2.7593615
