data_1,data_2,data_3,data_4,data_5,data_6,data_7,data_8,data_9,data_10,data_11,data_12,data_13,data_14,data_15,data_16,data_17,data_18,data_19,data_20,data_21,data_22,data_23,data_24,data_25,data_26,data_27,data_28,data_29,data_30,data_31,data_32,data_33,data_34,data_35,data_36,data_37,data_38,data_39,data_40,data_41,data_42,data_43,data_44,data_45,data_46,data_47,data_48,data_49,data_50,data_51,data_52,data_53,data_54,data_55,data_56,data_57,data_58,data_59,data_60,data_61,data_62,data_63,data_64,data_65,data_66,data_67,data_68,data_69,data_70,data_71,data_72,data_73,data_74,data_75,data_76,data_77,data_78,data_79,data_80,data_81,data_82,data_83,data_84,data_85,data_86,data_87,data_88,data_89,data_90,data_91,data_92,data_93,data_94,data_95,data_96,data_97,data_98,data_99,data_100
-74.35376,-210.56503,3.7803059,19.306515,51.419807,5.536804,40.66268,-107.13179,153.0049,-115.14259,-62.288387,20.096348,9.653872,10.106304,-135.36687,78.22464,3.804308,-40.783955,-34.14482,-84.98157,-73.15094,7.574161,-8.801672,-10.484016,111.398125,-48.80813,26.423332,-13.223315,97.666214,-88.299446,73.47105,-66.7973,43.323235,8.726709,116.53651,17.58936,105.05976,16.807243,97.579865,183.20442,-1.4240113,15.969741,-6.769688,1.5344429,0.8377129,-38.2883,-69.24984,34.24636,-21.955618,-34.503624,43.74097,70.02023,-48.169033,36.866043,192.47906,-5.6288166,-36.792355,161.62083,68.175385,-2.1481192,-59.348373,-298.36993,71.70155,5.769471,22.069605,-63.050617,11.722974,6.857725,-75.88412,218.94092,-167.16393,25.127062,-17.275814,-316.34256,-65.94617,61.10105,14.167251,42.34978,18.793253,-30.781172,90.680786,98.561386,-38.32783,151.17773,-46.792786,-12.536119,-46.068714,92.98039,11.793161,-26.373568,2.7593615,-32.32178,69.20105,-52.996964,53.69479,-16.667961,37.40051,82.54999,14.913122,44.57537
