parameter_1,parameter_2,parameter_3,parameter_4,parameter_5
2.6843572,2.1535459,-2.8867972,2.1739058,-2.0535889
