$\beta$,$\gamma$
0.6667743,0.09215801
