data_1,data_2,data_3,data_4,data_5,data_6,data_7,data_8,data_9,data_10,data_11,data_12,data_13,data_14,data_15,data_16,data_17,data_18,data_19,data_20,data_21,data_22,data_23,data_24,data_25,data_26,data_27,data_28,data_29,data_30,data_31,data_32,data_33,data_34,data_35,data_36,data_37,data_38,data_39,data_40,data_41,data_42,data_43,data_44,data_45,data_46,data_47,data_48,data_49,data_50,data_51,data_52,data_53,data_54,data_55,data_56,data_57,data_58,data_59,data_60,data_61,data_62,data_63,data_64,data_65,data_66,data_67,data_68,data_69,data_70,data_71,data_72,data_73,data_74,data_75,data_76,data_77,data_78,data_79,data_80,data_81,data_82,data_83,data_84,data_85,data_86,data_87,data_88,data_89,data_90,data_91,data_92,data_93,data_94,data_95,data_96,data_97,data_98,data_99,data_100
-1.1572595,-1.1324676,-1.1480155,-1.2419991,-1.2436363,-1.1242566,1.2445441,-1.2496165,-1.1201174,-1.2111766,1.1705652,-1.1636251,1.2160525,1.1402949,-1.1494477,-1.1271853,-1.1276015,-1.1389483,-1.1434414,1.30067,-1.2359648,-1.1323171,-1.1271005,1.1552364,-1.1472533,-1.1466408,1.185606,1.2041218,1.2207278,-1.148455,1.1982398,1.146076,-1.1347215,1.1470805,1.1282346,1.2154382,-1.159886,1.223465,1.1331729,1.1472105,-1.1748445,1.1446943,-1.1282215,1.1388221,-1.1708775,-1.1447811,1.1768509,-1.1430461,-1.1540785,1.1907939,1.1317687,-1.206612,1.1603425,-1.1489906,-1.3025569,-1.141218,-1.12323,-1.2269553,1.1899786,1.1512027,-1.2057967,1.2308341,-1.12319,1.1317892,-1.1960198,1.3236871,-1.1334851,1.3510369,-1.1945359,-1.2157978,1.1573625,1.2107241,-1.137032,1.1429024,1.1309144,1.1515511,-1.1594294,-1.1522031,1.1672461,1.1529875,1.1802915,1.1846313,-1.2289252,-1.207768,-1.216941,-1.3400172,-1.1251097,-1.1251153,-1.2829742,-1.2012787,1.1518769,-1.1351489,1.1714317,-1.2679168,1.2699293,-1.1650381,1.2043107,1.1483959,-1.119519,1.2181704
