data_1,data_2,data_3,data_4,data_5,data_6,data_7,data_8,data_9,data_10,data_11,data_12,data_13,data_14,data_15,data_16,data_17,data_18,data_19,data_20,data_21,data_22,data_23,data_24,data_25,data_26,data_27,data_28,data_29,data_30,data_31,data_32,data_33,data_34,data_35,data_36,data_37,data_38,data_39,data_40,data_41,data_42,data_43,data_44,data_45,data_46,data_47,data_48,data_49,data_50,data_51,data_52,data_53,data_54,data_55,data_56,data_57,data_58,data_59,data_60,data_61,data_62,data_63,data_64,data_65,data_66,data_67,data_68,data_69,data_70,data_71,data_72,data_73,data_74,data_75,data_76,data_77,data_78,data_79,data_80,data_81,data_82,data_83,data_84,data_85,data_86,data_87,data_88,data_89,data_90,data_91,data_92,data_93,data_94,data_95,data_96,data_97,data_98,data_99,data_100
-1.875977,-1.339677,1.3433166,-1.2224678,-1.7717017,-1.3853211,-1.2255051,-1.2980077,-1.1102859,-1.1428987,1.6419178,-1.3842363,-1.7485942,-1.1679417,-1.4410297,-1.4241709,-1.1676886,-1.7060333,-1.478275,-1.0546299,-1.4663508,-1.1175411,-1.3197756,-1.1652514,-1.4221647,-1.0814387,-1.1244441,-1.1738632,-1.7221551,-1.2845973,-2.052009,-1.6490262,-1.3017557,-1.06593,-1.1059704,-1.3935671,-1.817164,-1.9758008,-1.4537635,-1.3018861,-1.1411438,-1.685849,-1.4118172,-1.1424708,-1.0323833,-1.2120057,-1.2807407,-1.4098881,-1.0915704,-1.2183641,-1.6522325,-1.914404,-1.323895,-2.004284,-1.1348488,-2.0392442,-1.2801052,-1.3410478,-1.0417527,-1.4913926,-1.537792,-1.236477,-1.3022417,-1.5759249,-1.0438861,-1.2389975,-1.2456222,-1.1899188,-1.450057,-1.145974,-1.1937574,-1.2499597,-2.0116608,-1.1467506,-1.0622823,-1.3125306,-1.7080626,-2.5118482,-1.1933908,1.3573574,-1.9881749,-1.3876044,-1.6574726,-1.0233803,-1.9853866,-1.0357306,-1.7958272,1.776644,-1.6389048,-1.1162063,-1.6378491,-1.8434362,-1.1432836,-1.1433344,-1.5017886,-1.0176014,-1.4533741,-1.1037679,-1.3795334,-1.1794331
