data_1,data_2,data_3,data_4,data_5,data_6,data_7,data_8,data_9,data_10,data_11,data_12,data_13,data_14,data_15,data_16,data_17,data_18,data_19,data_20,data_21,data_22,data_23,data_24,data_25,data_26,data_27,data_28,data_29,data_30,data_31,data_32,data_33,data_34,data_35,data_36,data_37,data_38,data_39,data_40,data_41,data_42,data_43,data_44,data_45,data_46,data_47,data_48,data_49,data_50,data_51,data_52,data_53,data_54,data_55,data_56,data_57,data_58,data_59,data_60,data_61,data_62,data_63,data_64,data_65,data_66,data_67,data_68,data_69,data_70,data_71,data_72,data_73,data_74,data_75,data_76,data_77,data_78,data_79,data_80,data_81,data_82,data_83,data_84,data_85,data_86,data_87,data_88,data_89,data_90,data_91,data_92,data_93,data_94,data_95,data_96,data_97,data_98,data_99,data_100
0.5177732,0.5773388,0.93854237,1.1222665,1.0505929,0.9154728,1.0043862,0.59067696,0.46599692,-0.67259806,0.8218435,0.6282392,0.52552116,0.66754645,1.1279871,0.55633724,0.5312911,0.44298503,0.9107197,0.5647465,0.6272391,1.2386346,0.9219379,1.4644053,0.9408877,0.59267104,0.61135143,0.8234686,0.58633727,0.70393014,0.6504785,0.68583333,0.49359316,0.63961554,0.69274783,0.63965744,0.5251273,0.7883867,0.9000396,0.5905324,0.7707391,0.47386774,0.8700783,1.0906394,0.57739985,0.59890527,1.2743199,0.44574946,0.57660735,0.6169031,0.49106318,0.5917244,0.7203338,0.7262227,0.79040354,0.75392026,0.4220839,0.67813635,0.5064461,0.5366598,0.6406508,0.58374125,0.5510511,0.7585089,0.6880562,0.45755613,0.53032726,0.61202204,0.49608222,0.7325481,-1.538443,0.7237355,0.51982,0.4824275,0.778752,0.6479585,1.2076155,0.6527121,0.83276623,0.41821593,0.5254338,0.8330941,0.8735858,0.7198133,0.5073419,0.59752953,0.9192835,0.73492,1.1320928,0.8207083,0.44642603,1.5655758,-0.44713706,0.7190357,-0.40681076,0.75380224,0.5065072,0.44164807,0.65105844,0.46609914
