parameter_1,parameter_2,parameter_3,parameter_4
26.459482,69.690094,9.815588,14.990792
