data_1,data_2,data_3,data_4,data_5,data_6,data_7,data_8,data_9,data_10,data_11,data_12,data_13,data_14,data_15,data_16,data_17,data_18,data_19,data_20,data_21,data_22,data_23,data_24,data_25,data_26,data_27,data_28,data_29,data_30,data_31,data_32,data_33,data_34,data_35,data_36,data_37,data_38,data_39,data_40,data_41,data_42,data_43,data_44,data_45,data_46,data_47,data_48,data_49,data_50,data_51,data_52,data_53,data_54,data_55,data_56,data_57,data_58,data_59,data_60,data_61,data_62,data_63,data_64,data_65,data_66,data_67,data_68,data_69,data_70,data_71,data_72,data_73,data_74,data_75,data_76,data_77,data_78,data_79,data_80,data_81,data_82,data_83,data_84,data_85,data_86,data_87,data_88,data_89,data_90,data_91,data_92,data_93,data_94,data_95,data_96,data_97,data_98,data_99,data_100
-1.6612982,1.66292,-1.7687188,-1.7409745,-1.6119232,1.7437382,1.6930166,-1.6850328,1.6318543,-1.6992589,-1.623228,-1.6965331,-1.6661881,-1.6308452,1.6247973,1.746676,-1.6783729,-1.7053397,-1.7720588,-1.7189405,-1.7033147,-1.7958236,-1.6696961,-1.6453655,1.6629235,-1.6389158,-1.6668136,-1.6375426,1.7463244,-1.6189824,-1.7926078,-1.7370923,-1.6867644,-1.6270474,1.6486834,-1.6385959,-1.6403617,-1.6685483,1.6252224,1.6365345,1.6400077,-1.6246434,-1.6859591,-1.6469716,-1.6283906,-1.8066086,-1.877574,-1.7027634,-1.6201972,-1.7929975,-1.6240257,-1.630581,1.631959,-1.6108943,-1.7399921,-1.7678384,-1.6120946,-1.6741847,-1.7910709,-1.693528,1.6388519,-1.6948563,-1.6125331,-1.6365798,-1.6213747,1.6236026,-1.6414375,-1.6253617,-1.6347423,-1.6455657,-1.6141144,-1.7008787,-1.6337839,-1.6896223,-1.6168973,-1.6375571,-1.7207346,-1.6485931,1.7805294,1.6149814,-1.6253861,1.6858733,-1.7438852,-1.6183022,-1.7030585,-1.6352484,-1.6339787,1.7367206,-1.6146805,-1.7663009,-1.719094,-1.6220472,-1.7147176,-1.7587968,1.7911512,-1.6287072,1.6535245,-1.66468,-1.617941,-1.7681684
