data_1,data_2,data_3,data_4,data_5,data_6,data_7,data_8,data_9,data_10,data_11,data_12,data_13,data_14,data_15,data_16,data_17,data_18,data_19,data_20,data_21,data_22,data_23,data_24,data_25,data_26,data_27,data_28,data_29,data_30,data_31,data_32,data_33,data_34,data_35,data_36,data_37,data_38,data_39,data_40,data_41,data_42,data_43,data_44,data_45,data_46,data_47,data_48,data_49,data_50,data_51,data_52,data_53,data_54,data_55,data_56,data_57,data_58,data_59,data_60,data_61,data_62,data_63,data_64,data_65,data_66,data_67,data_68,data_69,data_70,data_71,data_72,data_73,data_74,data_75,data_76,data_77,data_78,data_79,data_80,data_81,data_82,data_83,data_84,data_85,data_86,data_87,data_88,data_89,data_90,data_91,data_92,data_93,data_94,data_95,data_96,data_97,data_98,data_99,data_100
1.5176202,1.7195348,2.6897762,-1.6297061,1.7046256,1.5458629,1.9700413,-2.450968,-1.9676408,2.2497027,1.8994956,1.5427146,1.6596531,1.5727736,1.5869491,1.5163729,-1.726809,1.564375,3.987186,1.5086528,1.9134064,1.9696032,2.2109065,-2.0125105,2.4338772,1.958417,-1.6653259,1.727513,1.5314386,2.1066077,1.5332025,1.5158241,1.7361245,1.5612273,-2.0668807,1.8166432,-1.8317702,-1.5801365,2.462128,4.4659824,1.6447538,-2.0469527,-1.6709098,2.4475124,-2.107796,1.5152823,1.6383735,1.6584337,1.5327004,1.560427,-1.8723596,1.7646186,1.900296,-1.821304,-1.5781308,1.7115049,1.8283842,-1.7515113,1.518169,-2.6084497,-2.2473304,-3.8251655,-2.0667117,2.34717,1.6232716,-2.3023927,1.6745306,2.7564237,1.9285766,2.018573,1.632281,-1.7049259,1.9585296,1.6939514,2.046112,1.5267863,1.5746202,1.6188895,1.557092,1.6607907,-2.049041,1.5900705,1.447032,2.021808,1.9465771,1.4969919,-3.035761,2.4974697,1.4991406,-2.1719768,2.5208318,1.532515,1.6174115,1.6259125,1.5524132,1.7318115,-1.6334527,1.5764841,-2.9121583,1.6327955
