data_1,data_2,data_3,data_4,data_5,data_6,data_7,data_8,data_9,data_10,data_11,data_12,data_13,data_14,data_15,data_16,data_17,data_18,data_19,data_20,data_21,data_22,data_23,data_24,data_25,data_26,data_27,data_28,data_29,data_30,data_31,data_32,data_33,data_34,data_35,data_36,data_37,data_38,data_39,data_40,data_41,data_42,data_43,data_44,data_45,data_46,data_47,data_48,data_49,data_50,data_51,data_52,data_53,data_54,data_55,data_56,data_57,data_58,data_59,data_60,data_61,data_62,data_63,data_64,data_65,data_66,data_67,data_68,data_69,data_70,data_71,data_72,data_73,data_74,data_75,data_76,data_77,data_78,data_79,data_80,data_81,data_82,data_83,data_84,data_85,data_86,data_87,data_88,data_89,data_90,data_91,data_92,data_93,data_94,data_95,data_96,data_97,data_98,data_99,data_100
1.521314,-1.6586028,1.1767364,2.0761209,1.7400653,1.2478145,1.6682432,1.2988038,1.516507,1.3522604,1.3680617,1.3137852,1.2367795,1.7531607,1.6029774,1.4486507,1.4088808,1.4830652,2.2883973,1.2643353,1.4803078,1.7179927,1.3769047,2.0482101,1.2233676,1.1977773,1.2296072,1.5900176,1.6731673,1.4565511,1.5164719,1.3229942,1.387374,1.3121439,1.3120605,1.2442805,1.6472489,1.5781946,2.7608156,1.6781597,1.360584,1.5668432,1.786288,1.2473844,1.35488,1.4327714,1.518127,1.8896751,1.5207753,1.837815,1.221186,1.9541826,1.9399823,1.1758308,1.2364874,1.251686,1.4845114,1.3446577,1.8293086,1.2493691,1.6338643,-1.4231304,1.2548474,2.1505,2.5413852,1.4987538,1.2517339,1.2443556,1.4843673,1.5892454,1.7092886,2.5323308,1.28497,1.2160226,1.4589272,1.4659941,1.9618257,1.527161,1.4953239,1.3772576,1.581295,3.5575705,1.9822233,1.2059453,1.3169869,1.2337799,1.619142,1.5509017,2.1440847,1.6509153,1.31849,1.4059178,1.3329242,1.3122538,2.5606112,1.3923309,1.7100762,1.344652,1.5186934,2.0501087
