data_1,data_2,data_3,data_4,data_5,data_6,data_7,data_8,data_9,data_10
-2.5582683,-1.5476047,-1.5142143,1.2064462,-1.6278894,-2.344375,1.2543702,3.361743,1.1938022,1.2578015
