parameter_1,parameter_2,parameter_3,parameter_4
47.633583,64.308556,7.49992,12.561376
