data_1,data_2,data_3,data_4,data_5,data_6,data_7,data_8,data_9,data_10
-1.0733548,1.1996373,-1.1519564,1.1579268,-1.4900513,-1.1792411,-1.14944,-1.2804879,-1.4322078,-1.2681092
