data_1,data_2,data_3,data_4,data_5,data_6,data_7,data_8,data_9,data_10
-1.5566516,1.9009068,-2.124865,-2.6206126,-1.9684163,-2.9727178,-2.5289943,-2.1740682,-1.8540466,1.8322848
