data_1,data_2,data_3,data_4,data_5,data_6,data_7,data_8,data_9,data_10
0.35297677,-0.6149599,-0.7641265,0.8470119,-0.9302237,0.58948755,0.002313375,-0.5937533,0.64574105,0.6016496
