parameter_1,parameter_2,parameter_3,parameter_4,parameter_5,parameter_6,parameter_7,parameter_8,parameter_9,parameter_10
0.6775234,0.013154268,-0.5788579,0.61971605,-0.6461849,0.5230421,-0.0032577515,-0.6397122,0.76371455,0.766533
