data_1,data_2,data_3,data_4,data_5,data_6,data_7,data_8,data_9,data_10
-0.69729096,0.6521971,0.29714647,0.09962295,-0.5758827,0.656759,-0.87105334,0.33949262,-0.24973083,0.14594421
