parameter_1,parameter_2,parameter_3,parameter_4,parameter_5,parameter_6,parameter_7,parameter_8,parameter_9,parameter_10
-0.61911654,0.829502,0.10599208,-0.09929764,-0.8491708,0.80009747,-0.6855464,0.088377714,0.04646504,0.51540077
