data_1,data_2,data_3,data_4,data_5,data_6,data_7,data_8,data_9,data_10,data_11,data_12,data_13,data_14,data_15,data_16,data_17,data_18,data_19,data_20,data_21,data_22,data_23,data_24,data_25,data_26,data_27,data_28,data_29,data_30,data_31,data_32,data_33,data_34,data_35,data_36,data_37,data_38,data_39,data_40,data_41,data_42,data_43,data_44,data_45,data_46,data_47,data_48,data_49,data_50,data_51,data_52,data_53,data_54,data_55,data_56,data_57,data_58,data_59,data_60,data_61,data_62,data_63,data_64,data_65,data_66,data_67,data_68,data_69,data_70,data_71,data_72,data_73,data_74,data_75,data_76,data_77,data_78,data_79,data_80,data_81,data_82,data_83,data_84,data_85,data_86,data_87,data_88,data_89,data_90,data_91,data_92,data_93,data_94,data_95,data_96,data_97,data_98,data_99,data_100
1.6878613,1.3659525,1.2510108,-1.3656086,1.2333616,1.2219841,1.3457991,1.4117447,-1.2837427,1.6495022,1.4159205,-1.289379,-1.3671361,1.287772,1.2825807,1.3481303,-1.6363932,1.5468569,1.3078309,1.2432317,1.3622442,-1.3299798,1.4262758,-1.3561131,1.6584936,1.7342951,1.2398027,1.251231,1.3201122,1.3325424,2.1151233,1.3322159,-1.6302419,1.2519586,1.2535782,1.5065851,1.3686849,1.23672,1.2942005,-1.4262035,1.217334,1.2794873,-1.300808,1.3294253,1.3459932,1.2938709,1.3627434,1.2372919,1.453303,1.2228755,1.2371836,1.2503592,1.3845352,1.2829475,1.2483014,1.3341047,1.245104,-1.2880574,1.2271535,1.2487442,1.2434303,1.249965,1.4566823,1.2359941,1.8463773,1.2896551,1.2181293,1.257839,1.2378507,-1.2812593,1.2268752,1.3712063,1.5713066,1.2279932,1.2944,1.2301918,-2.0307732,1.296097,1.2133371,1.8625951,1.5202361,-1.2908865,1.4618188,1.2271502,-1.3531588,1.2371496,-1.305013,1.2677598,-1.5157984,1.5067104,1.4048314,1.2211944,-1.4727982,1.5177494,1.206911,-1.2728217,-1.7734803,1.3070979,1.3183912,-1.5162446
