data_1,data_2,data_3,data_4,data_5,data_6,data_7,data_8,data_9,data_10
1.8642808,1.5477982,1.5115622,1.7647635,1.5667815,1.7773939,-1.8627092,1.5709671,1.5691904,1.6219252
