data_1,data_2,data_3,data_4,data_5,data_6,data_7,data_8,data_9,data_10
-0.9423116,0.8666692,0.9429465,0.77393097,0.843235,-1.0640959,0.80324817,-1.2664336,-0.91088235,1.0200356
