data_1,data_2,data_3,data_4,data_5,data_6,data_7,data_8,data_9,data_10,data_11,data_12,data_13,data_14,data_15,data_16,data_17,data_18,data_19,data_20,data_21,data_22,data_23,data_24,data_25,data_26,data_27,data_28,data_29,data_30,data_31,data_32,data_33,data_34,data_35,data_36,data_37,data_38,data_39,data_40,data_41,data_42,data_43,data_44,data_45,data_46,data_47,data_48,data_49,data_50,data_51,data_52,data_53,data_54,data_55,data_56,data_57,data_58,data_59,data_60,data_61,data_62,data_63,data_64,data_65,data_66,data_67,data_68,data_69,data_70,data_71,data_72,data_73,data_74,data_75,data_76,data_77,data_78,data_79,data_80,data_81,data_82,data_83,data_84,data_85,data_86,data_87,data_88,data_89,data_90,data_91,data_92,data_93,data_94,data_95,data_96,data_97,data_98,data_99,data_100
-0.51168317,-0.6063886,-0.5952215,-0.39194152,-0.31107658,-0.6399673,-0.92096525,-0.52965367,-0.48723048,1.129329,-0.8118877,-0.36084455,-0.9185796,-0.6251485,0.7772514,-0.4538354,-0.62456954,-0.9971994,0.37241733,1.0665264,-0.53487575,-1.1244028,-0.56040233,-0.4052947,0.973983,-0.6621094,-0.76826906,-0.4442626,-0.45086384,0.6363494,-0.8363062,-0.32170305,-0.44317126,-0.35872644,-0.3189822,0.5562605,0.4645266,1.7675073,-0.41267347,-0.65953887,-0.8628631,-0.45936188,-0.5619892,-0.32001153,1.002152,-0.46356872,-0.7954355,-0.36707273,-0.4770519,-0.29914382,-1.4669127,-0.4830118,2.0313408,-0.44249076,0.8549948,1.7716833,-0.8554238,2.5978825,-0.47322828,0.844602,-0.34607378,-0.32019264,1.1681093,-1.0979772,-0.41505557,-0.3702186,-0.54807514,-0.7792298,-0.46084505,0.7007755,0.8428581,-0.621364,-0.37869886,0.95312315,-1.136905,-0.44053578,-0.36851162,1.8783498,0.5858788,-0.8355284,1.1887225,-0.6357491,0.8120647,-0.41918635,-1.1488457,-0.7083421,-0.32558388,0.54946506,0.44302276,0.6273188,-0.9483257,-0.30479237,-0.80308044,0.64745736,0.5743233,-0.69731516,0.9715538,-0.33547467,-0.7532032,-0.3676616
